{
	"credit": "Made with Blockbench",
	"texture_size": [32, 32],
	"textures": {
		"4": "optifine/cit/pickaxes/amnesia_pickaxe",
		"particle": "optifine/cit/pickaxes/amnesia_pickaxe"
	},
	"elements": [
		{
			"name": "Wooden_Base",
			"from": [6.75, 23, 7],
			"to": [9.25, 24, 9],
			"rotation": {"angle": 0, "axis": "y", "origin": [8, 13, 8]},
			"faces": {
				"north": {"uv": [5, 3, 6.5, 3.5], "texture": "#4"},
				"east": {"uv": [6, 4.5, 7, 5], "texture": "#4"},
				"south": {"uv": [5.5, 3.5, 7, 4], "texture": "#4"},
				"west": {"uv": [6, 5, 7, 5.5], "texture": "#4"},
				"up": {"uv": [5.5, 1, 4, 0], "texture": "#4"},
				"down": {"uv": [5.5, 1, 4, 2], "texture": "#4"}
			}
		},
		{
			"name": "Wooden_Base",
			"from": [7, 23, 6.75],
			"to": [9, 24, 9.25],
			"rotation": {"angle": 0, "axis": "y", "origin": [8, 13, 8]},
			"faces": {
				"north": {"uv": [6, 5.5, 7, 6], "texture": "#4"},
				"east": {"uv": [5.5, 4, 7, 4.5], "texture": "#4"},
				"south": {"uv": [6, 5.5, 7, 6], "texture": "#4"},
				"west": {"uv": [5.5, 4, 7, 4.5], "texture": "#4"},
				"up": {"uv": [5, 3.5, 4, 2], "texture": "#4"},
				"down": {"uv": [5, 2, 4, 3.5], "texture": "#4"}
			}
		},
		{
			"name": "Wooden_Base",
			"from": [7, 2.25, 7.25],
			"to": [9, 23, 8.75],
			"rotation": {"angle": 0, "axis": "y", "origin": [8, 12, 8]},
			"faces": {
				"north": {"uv": [0, 0, 1, 10.5], "texture": "#4"},
				"east": {"uv": [1, 0, 2, 10.5], "texture": "#4"},
				"south": {"uv": [0, 0, 1, 10.5], "texture": "#4"},
				"west": {"uv": [1, 0, 2, 10.5], "texture": "#4"},
				"up": {"uv": [6, 3, 5, 2], "texture": "#4"},
				"down": {"uv": [6, 2, 5, 3], "texture": "#4"}
			}
		},
		{
			"name": "Wooden_Base",
			"from": [7.25, 2.25, 7],
			"to": [8.75, 23, 9],
			"rotation": {"angle": 0, "axis": "y", "origin": [8, 12, 8]},
			"faces": {
				"north": {"uv": [1, 0, 2, 10.5], "texture": "#4"},
				"east": {"uv": [0, 0, 1, 10.5], "texture": "#4"},
				"south": {"uv": [1, 0, 2, 10.5], "texture": "#4"},
				"west": {"uv": [2, 0, 3, 10.5], "texture": "#4"},
				"up": {"uv": [6, 3, 5, 2], "texture": "#4"},
				"down": {"uv": [6, 2, 5, 3], "texture": "#4"}
			}
		},
		{
			"name": "Rubber_Base",
			"from": [7, 0, 7],
			"to": [9, 0.25, 9],
			"rotation": {"angle": 0, "axis": "y", "origin": [8, 11, 8]},
			"faces": {
				"north": {"uv": [6, 6, 7, 6.5], "texture": "#4"},
				"east": {"uv": [6, 6, 7, 6.5], "texture": "#4"},
				"south": {"uv": [6, 6, 7, 6.5], "texture": "#4"},
				"west": {"uv": [6, 6, 7, 6.5], "texture": "#4"},
				"up": {"uv": [4, 6, 3, 5], "texture": "#4"},
				"down": {"uv": [4, 5, 3, 6], "texture": "#4"}
			}
		},
		{
			"name": "Rubber_Base",
			"from": [7, 0.25, 6.75],
			"to": [9, 2.25, 9.25],
			"rotation": {"angle": 0, "axis": "y", "origin": [8, 11.25, 8]},
			"faces": {
				"north": {"uv": [3, 5, 4, 6], "texture": "#4"},
				"east": {"uv": [4, 3.5, 5.5, 4.5], "texture": "#4"},
				"south": {"uv": [3, 5, 4, 6], "texture": "#4"},
				"west": {"uv": [4, 3.5, 5.5, 4.5], "texture": "#4"},
				"up": {"uv": [5, 6, 4, 4.5], "texture": "#4"},
				"down": {"uv": [5, 4.5, 4, 6], "texture": "#4"}
			}
		},
		{
			"name": "Rubber_Base",
			"from": [6.75, 0.25, 7],
			"to": [9.25, 2.25, 9],
			"rotation": {"angle": 0, "axis": "y", "origin": [8, 11.25, 8]},
			"faces": {
				"north": {"uv": [4, 3.5, 5.5, 4.5], "texture": "#4"},
				"east": {"uv": [3, 5, 4, 6], "texture": "#4"},
				"south": {"uv": [4, 3.5, 5.5, 4.5], "texture": "#4"},
				"west": {"uv": [3, 5, 4, 6], "texture": "#4"},
				"up": {"uv": [5.5, 4.5, 4, 3.5], "texture": "#4"},
				"down": {"uv": [5.5, 3.5, 4, 4.5], "texture": "#4"}
			}
		},
		{
			"from": [7, 24, 7],
			"to": [9, 29, 9],
			"rotation": {"angle": 0, "axis": "y", "origin": [7, 24, 7]},
			"faces": {
				"north": {"uv": [3, 0, 4, 2.5], "texture": "#4"},
				"east": {"uv": [3, 0, 4, 2.5], "texture": "#4"},
				"south": {"uv": [3, 0, 4, 2.5], "texture": "#4"},
				"west": {"uv": [3, 2.5, 4, 5], "texture": "#4"},
				"up": {"uv": [6, 5.5, 5, 4.5], "texture": "#4"},
				"down": {"uv": [6, 4.5, 5, 5.5], "texture": "#4"}
			}
		},
		{
			"from": [7.5, 24, 9],
			"to": [8.5, 28, 10],
			"rotation": {"angle": 0, "axis": "y", "origin": [7, 24, 9]},
			"faces": {
				"north": {"uv": [5.5, 0, 6, 2], "texture": "#4"},
				"east": {"uv": [5.5, 0, 6, 2], "texture": "#4"},
				"south": {"uv": [5.5, 0, 6, 2], "texture": "#4"},
				"west": {"uv": [5.5, 0, 6, 2], "texture": "#4"},
				"up": {"uv": [7, 3.5, 6.5, 3], "texture": "#4"},
				"down": {"uv": [7, 3, 6.5, 3.5], "texture": "#4"}
			}
		},
		{
			"from": [7.5, 24.5, 10],
			"to": [8.5, 27.75, 11],
			"rotation": {"angle": 0, "axis": "y", "origin": [7, 24, 10]},
			"faces": {
				"north": {"uv": [6, 0, 6.5, 1.5], "texture": "#4"},
				"east": {"uv": [6, 0, 6.5, 1.5], "texture": "#4"},
				"south": {"uv": [6, 0, 6.5, 1.5], "texture": "#4"},
				"west": {"uv": [6, 0, 6.5, 1.5], "texture": "#4"},
				"up": {"uv": [7, 3.5, 6.5, 3], "texture": "#4"},
				"down": {"uv": [7, 3, 6.5, 3.5], "texture": "#4"}
			}
		},
		{
			"from": [7.5, 24.75, 11],
			"to": [8.5, 27.75, 12],
			"rotation": {"angle": 0, "axis": "y", "origin": [7, 24, 11]},
			"faces": {
				"north": {"uv": [6, 1.5, 6.5, 3], "texture": "#4"},
				"east": {"uv": [6, 1.5, 6.5, 3], "texture": "#4"},
				"south": {"uv": [6, 1.5, 6.5, 3], "texture": "#4"},
				"west": {"uv": [6, 1.5, 6.5, 3], "texture": "#4"},
				"up": {"uv": [7, 3.5, 6.5, 3], "texture": "#4"},
				"down": {"uv": [7, 3, 6.5, 3.5], "texture": "#4"}
			}
		},
		{
			"from": [7.5, 25.25, 12],
			"to": [8.5, 28, 13],
			"rotation": {"angle": 0, "axis": "y", "origin": [7, 24, 12]},
			"faces": {
				"north": {"uv": [3, 6, 3.5, 7.5], "texture": "#4"},
				"east": {"uv": [3, 6, 3.5, 7.5], "texture": "#4"},
				"south": {"uv": [3, 6, 3.5, 7.5], "texture": "#4"},
				"west": {"uv": [3, 6, 3.5, 7.5], "texture": "#4"},
				"up": {"uv": [7, 3.5, 6.5, 3], "texture": "#4"},
				"down": {"uv": [7, 3, 6.5, 3.5], "texture": "#4"}
			}
		},
		{
			"from": [7.5, 25.75, 13],
			"to": [8.5, 28.25, 14],
			"rotation": {"angle": 0, "axis": "y", "origin": [7, 24, 13]},
			"faces": {
				"north": {"uv": [3.5, 6, 4, 7.5], "texture": "#4"},
				"east": {"uv": [3.5, 6, 4, 7.5], "texture": "#4"},
				"south": {"uv": [3.5, 6, 4, 7.5], "texture": "#4"},
				"west": {"uv": [3.5, 6, 4, 7.5], "texture": "#4"},
				"up": {"uv": [7, 3.5, 6.5, 3], "texture": "#4"},
				"down": {"uv": [7, 3, 6.5, 3.5], "texture": "#4"}
			}
		},
		{
			"from": [7.5, 26, 14],
			"to": [8.5, 28, 15],
			"rotation": {"angle": 0, "axis": "y", "origin": [7, 24, 14]},
			"faces": {
				"north": {"uv": [6.5, 0, 7, 1], "texture": "#4"},
				"east": {"uv": [6.5, 0, 7, 1], "texture": "#4"},
				"south": {"uv": [6.5, 0, 7, 1], "texture": "#4"},
				"west": {"uv": [6.5, 0, 7, 1], "texture": "#4"},
				"up": {"uv": [7, 3.5, 6.5, 3], "texture": "#4"},
				"down": {"uv": [7, 3, 6.5, 3.5], "texture": "#4"}
			}
		},
		{
			"from": [7.5, 26.25, 15],
			"to": [8.5, 27.75, 15.5],
			"rotation": {"angle": 0, "axis": "y", "origin": [7, 24, 15]},
			"faces": {
				"north": {"uv": [6.5, 1, 7, 2], "texture": "#4"},
				"east": {"uv": [6.5, 2, 7, 3], "texture": "#4"},
				"south": {"uv": [6.5, 1, 7, 2], "texture": "#4"},
				"west": {"uv": [6.5, 2, 7, 3], "texture": "#4"},
				"up": {"uv": [7.5, 2.5, 7, 2], "texture": "#4"},
				"down": {"uv": [7.5, 2, 7, 2.5], "texture": "#4"}
			}
		},
		{
			"from": [8.5, 24.25, 9],
			"to": [8.75, 27.75, 10],
			"rotation": {"angle": 0, "axis": "y", "origin": [8, 24, 9]},
			"faces": {
				"north": {"uv": [5, 5.5, 5.5, 7.5], "texture": "#4"},
				"east": {"uv": [5.5, 5.5, 6, 7.5], "texture": "#4"},
				"south": {"uv": [5, 5.5, 5.5, 7.5], "texture": "#4"},
				"west": {"uv": [5.5, 5.5, 6, 7.5], "texture": "#4"},
				"up": {"uv": [7.5, 3, 7, 2.5], "texture": "#4"},
				"down": {"uv": [7.5, 2.5, 7, 3], "texture": "#4"}
			}
		},
		{
			"from": [8.5, 24.75, 10],
			"to": [8.75, 27.5, 11],
			"rotation": {"angle": 0, "axis": "y", "origin": [8, 24, 10]},
			"faces": {
				"north": {"uv": [4, 6, 4.5, 7.5], "texture": "#4"},
				"east": {"uv": [3, 6, 3.5, 7.5], "texture": "#4"},
				"south": {"uv": [4, 6, 4.5, 7.5], "texture": "#4"},
				"west": {"uv": [3, 6, 3.5, 7.5], "texture": "#4"},
				"up": {"uv": [7.5, 3, 7, 2.5], "texture": "#4"},
				"down": {"uv": [7.5, 2.5, 7, 3], "texture": "#4"}
			}
		},
		{
			"from": [8.5, 25, 11],
			"to": [8.75, 27.5, 12],
			"rotation": {"angle": 0, "axis": "y", "origin": [8, 24, 11]},
			"faces": {
				"north": {"uv": [4.5, 6, 5, 7.5], "texture": "#4"},
				"east": {"uv": [3.5, 6, 4, 7.5], "texture": "#4"},
				"south": {"uv": [4.5, 6, 5, 7.5], "texture": "#4"},
				"west": {"uv": [3.5, 6, 4, 7.5], "texture": "#4"},
				"up": {"uv": [7.5, 3, 7, 2.5], "texture": "#4"},
				"down": {"uv": [7.5, 2.5, 7, 3], "texture": "#4"}
			}
		},
		{
			"from": [8.5, 25.5, 12],
			"to": [8.75, 27.75, 13],
			"rotation": {"angle": 0, "axis": "y", "origin": [8, 24, 12]},
			"faces": {
				"north": {"uv": [6, 6.5, 6.5, 7.5], "texture": "#4"},
				"east": {"uv": [6.5, 6.5, 7, 7.5], "texture": "#4"},
				"south": {"uv": [6, 6.5, 6.5, 7.5], "texture": "#4"},
				"west": {"uv": [6.5, 6.5, 7, 7.5], "texture": "#4"},
				"up": {"uv": [7.5, 3, 7, 2.5], "texture": "#4"},
				"down": {"uv": [7.5, 2.5, 7, 3], "texture": "#4"}
			}
		},
		{
			"from": [8.5, 26, 13],
			"to": [8.75, 28, 14],
			"rotation": {"angle": 0, "axis": "y", "origin": [8, 24, 13]},
			"faces": {
				"north": {"uv": [7, 0, 7.5, 1], "texture": "#4"},
				"east": {"uv": [6.5, 0, 7, 1], "texture": "#4"},
				"south": {"uv": [7, 0, 7.5, 1], "texture": "#4"},
				"west": {"uv": [6.5, 0, 7, 1], "texture": "#4"},
				"up": {"uv": [7.5, 3, 7, 2.5], "texture": "#4"},
				"down": {"uv": [7.5, 2.5, 7, 3], "texture": "#4"}
			}
		},
		{
			"from": [8.5, 26.25, 14],
			"to": [8.75, 27.75, 15],
			"rotation": {"angle": 0, "axis": "y", "origin": [8, 24, 14]},
			"faces": {
				"north": {"uv": [7, 1, 7.5, 2], "texture": "#4"},
				"east": {"uv": [6.5, 1, 7, 2], "texture": "#4"},
				"south": {"uv": [7, 1, 7.5, 2], "texture": "#4"},
				"west": {"uv": [6.5, 1, 7, 2], "texture": "#4"},
				"up": {"uv": [7.5, 3, 7, 2.5], "texture": "#4"},
				"down": {"uv": [7.5, 2.5, 7, 3], "texture": "#4"}
			}
		},
		{
			"from": [8.5, 26.5, 15],
			"to": [8.75, 27.5, 15.25],
			"rotation": {"angle": 0, "axis": "y", "origin": [8, 24, 15]},
			"faces": {
				"north": {"uv": [7, 2.5, 7.5, 3], "texture": "#4"},
				"east": {"uv": [7, 2.5, 7.5, 3], "texture": "#4"},
				"south": {"uv": [7, 2.5, 7.5, 3], "texture": "#4"},
				"west": {"uv": [7, 2.5, 7.5, 3], "texture": "#4"},
				"up": {"uv": [7.5, 3.5, 7, 3], "texture": "#4"},
				"down": {"uv": [7.5, 3, 7, 3.5], "texture": "#4"}
			}
		},
		{
			"from": [7.25, 24.25, 9],
			"to": [7.5, 27.75, 10],
			"rotation": {"angle": 0, "axis": "y", "origin": [6.75, 24, 9]},
			"faces": {
				"north": {"uv": [5, 5.5, 5.5, 7.5], "texture": "#4"},
				"east": {"uv": [5.5, 5.5, 6, 7.5], "texture": "#4"},
				"south": {"uv": [5, 5.5, 5.5, 7.5], "texture": "#4"},
				"west": {"uv": [5.5, 5.5, 6, 7.5], "texture": "#4"},
				"up": {"uv": [7.5, 3, 7, 2.5], "texture": "#4"},
				"down": {"uv": [7.5, 2.5, 7, 3], "texture": "#4"}
			}
		},
		{
			"from": [7.25, 24.75, 10],
			"to": [7.5, 27.5, 11],
			"rotation": {"angle": 0, "axis": "y", "origin": [6.75, 24, 10]},
			"faces": {
				"north": {"uv": [4, 6, 4.5, 7.5], "texture": "#4"},
				"east": {"uv": [3, 6, 3.5, 7.5], "texture": "#4"},
				"south": {"uv": [4, 6, 4.5, 7.5], "texture": "#4"},
				"west": {"uv": [3, 6, 3.5, 7.5], "texture": "#4"},
				"up": {"uv": [7.5, 3, 7, 2.5], "texture": "#4"},
				"down": {"uv": [7.5, 2.5, 7, 3], "texture": "#4"}
			}
		},
		{
			"from": [7.25, 25, 11],
			"to": [7.5, 27.5, 12],
			"rotation": {"angle": 0, "axis": "y", "origin": [6.75, 24, 11]},
			"faces": {
				"north": {"uv": [4.5, 6, 5, 7.5], "texture": "#4"},
				"east": {"uv": [3.5, 6, 4, 7.5], "texture": "#4"},
				"south": {"uv": [4.5, 6, 5, 7.5], "texture": "#4"},
				"west": {"uv": [3.5, 6, 4, 7.5], "texture": "#4"},
				"up": {"uv": [7.5, 3, 7, 2.5], "texture": "#4"},
				"down": {"uv": [7.5, 2.5, 7, 3], "texture": "#4"}
			}
		},
		{
			"from": [7.25, 25.5, 12],
			"to": [7.5, 27.75, 13],
			"rotation": {"angle": 0, "axis": "y", "origin": [6.75, 24, 12]},
			"faces": {
				"north": {"uv": [6, 6.5, 6.5, 7.5], "texture": "#4"},
				"east": {"uv": [6.5, 6.5, 7, 7.5], "texture": "#4"},
				"south": {"uv": [6, 6.5, 6.5, 7.5], "texture": "#4"},
				"west": {"uv": [6.5, 6.5, 7, 7.5], "texture": "#4"},
				"up": {"uv": [7.5, 3, 7, 2.5], "texture": "#4"},
				"down": {"uv": [7.5, 2.5, 7, 3], "texture": "#4"}
			}
		},
		{
			"from": [7.25, 26, 13],
			"to": [7.5, 28, 14],
			"rotation": {"angle": 0, "axis": "y", "origin": [6.75, 24, 13]},
			"faces": {
				"north": {"uv": [7, 0, 7.5, 1], "texture": "#4"},
				"east": {"uv": [6.5, 0, 7, 1], "texture": "#4"},
				"south": {"uv": [7, 0, 7.5, 1], "texture": "#4"},
				"west": {"uv": [6.5, 0, 7, 1], "texture": "#4"},
				"up": {"uv": [7.5, 3, 7, 2.5], "texture": "#4"},
				"down": {"uv": [7.5, 2.5, 7, 3], "texture": "#4"}
			}
		},
		{
			"from": [7.25, 26.25, 14],
			"to": [7.5, 27.75, 15],
			"rotation": {"angle": 0, "axis": "y", "origin": [6.75, 24, 14]},
			"faces": {
				"north": {"uv": [7, 1, 7.5, 2], "texture": "#4"},
				"east": {"uv": [6.5, 1, 7, 2], "texture": "#4"},
				"south": {"uv": [7, 1, 7.5, 2], "texture": "#4"},
				"west": {"uv": [6.5, 1, 7, 2], "texture": "#4"},
				"up": {"uv": [7.5, 3, 7, 2.5], "texture": "#4"},
				"down": {"uv": [7.5, 2.5, 7, 3], "texture": "#4"}
			}
		},
		{
			"from": [7.25, 26.5, 15],
			"to": [7.5, 27.5, 15.25],
			"rotation": {"angle": 0, "axis": "y", "origin": [6.75, 24, 15]},
			"faces": {
				"north": {"uv": [7, 2.5, 7.5, 3], "texture": "#4"},
				"east": {"uv": [7, 2.5, 7.5, 3], "texture": "#4"},
				"south": {"uv": [7, 2.5, 7.5, 3], "texture": "#4"},
				"west": {"uv": [7, 2.5, 7.5, 3], "texture": "#4"},
				"up": {"uv": [7.5, 3.5, 7, 3], "texture": "#4"},
				"down": {"uv": [7.5, 3, 7, 3.5], "texture": "#4"}
			}
		}
	],
	"display": {
		"thirdperson_righthand": {
			"rotation": [78.25, 0, 0],
			"translation": [0, -2.25, -9.25],
			"scale": [0.51, 0.51, 0.51]
		},
		"thirdperson_lefthand": {
			"rotation": [78.25, 0, 0],
			"translation": [0, -2.25, -9.25],
			"scale": [0.51, 0.51, 0.51]
		},
		"firstperson_righthand": {
			"rotation": [36, 180, 0],
			"translation": [-1.5, -4.5, 0],
			"scale": [0.53, 0.53, 0.53]
		},
		"firstperson_lefthand": {
			"rotation": [36, 180, 0],
			"translation": [-1.5, -4.5, 0],
			"scale": [0.53, 0.53, 0.53]
		},
		"ground": {
			"translation": [0, 2.5, 0],
			"scale": [0.66, 0.66, 0.66]
		},
		"gui": {
			"rotation": [-92.7, 48.4, 92.05],
			"translation": [2.5, -4, 0],
			"scale": [0.55, 0.55, 0.55]
		},
		"fixed": {
			"rotation": [-109.2, 42.58, 104.3],
			"translation": [3, -3.75, 0],
			"scale": [0.67, 0.67, 0.67]
		}
	},
	"groups": [
		{
			"name": "Base_Head_Ring",
			"origin": [8, 12, 8],
			"color": 9,
			"children": [0, 1]
		},
		{
			"name": "Wooden_Base",
			"origin": [8, 12, 8],
			"color": 0,
			"children": [2, 3]
		},
		{
			"name": "Rubber_Base",
			"origin": [8, 11.25, 8],
			"color": 4,
			"children": [4, 5, 6]
		},
		{
			"name": "Handle",
			"origin": [7, 24, 7],
			"color": 0,
			"children": [
				{
					"name": "Handle_Middle",
					"origin": [7, 24, 15],
					"color": 0,
					"children": [7, 8, 9, 10, 11, 12, 13, 14]
				},
				{
					"name": "Handle_Right",
					"origin": [8, 24, 15],
					"color": 0,
					"children": [15, 16, 17, 18, 19, 20, 21]
				},
				{
					"name": "Handle_Left",
					"origin": [8, 24, 15],
					"color": 0,
					"children": [22, 23, 24, 25, 26, 27, 28]
				}
			]
		}
	]
}