{
	"credit": "Made with Blockbench",
	"textures": {
		"0": "optifine/cit/crates/eternal_crate_block",
		"1": "optifine/cit/crates/eternal_crate_wood",
		"2": "optifine/cit/crates/eternal_crate_gem",
		"3": "optifine/cit/crates/gold_bar",
		"4": "optifine/cit/crates/luckypetblock",
		"particle": "optifine/cit/crates/eternal_crate_block"
	},
	"elements": [
		{
			"from": [0, 1, 0],
			"to": [16, 9.7, 16],
			"rotation": {"angle": 0, "axis": "x", "origin": [8, 7, 8]},
			"faces": {
				"north": {"uv": [0, 0, 16, 8.7], "rotation": 180, "texture": "#1"},
				"east": {"uv": [0, 3.3, 16, 12], "texture": "#1"},
				"south": {"uv": [0, 3.3, 16, 12], "texture": "#1"},
				"west": {"uv": [0, 7.3, 16, 16], "texture": "#1"},
				"up": {"uv": [0, 0, 16, 16], "rotation": 180, "texture": "#1"},
				"down": {"uv": [0, 0, 16, 16], "rotation": 180, "texture": "#1"}
			}
		},
		{
			"from": [0, 9.85, -0.25],
			"to": [16, 12.75, 15.75],
			"rotation": {"angle": 22.5, "axis": "x", "origin": [8, 10.0625, 15.75]},
			"faces": {
				"north": {"uv": [0, 9.1, 16, 12], "rotation": 180, "texture": "#1"},
				"east": {"uv": [0, 0, 16, 2.9], "texture": "#1"},
				"south": {"uv": [0, 0, 16, 2.9], "texture": "#1"},
				"west": {"uv": [0, 4, 16, 6.9], "texture": "#1"},
				"up": {"uv": [0, 0, 16, 16], "rotation": 180, "texture": "#1"},
				"down": {"uv": [0, 0, 16, 16], "rotation": 180, "texture": "#1"}
			}
		},
		{
			"from": [0, 12.75, 2.75],
			"to": [16, 15.75, 12.75],
			"rotation": {"angle": 22.5, "axis": "x", "origin": [8, 10.0625, 15.75]},
			"faces": {
				"north": {"uv": [0, 0, 16, 3], "texture": "#1"},
				"east": {"uv": [2.99167, 0, 12.99167, 3], "texture": "#1"},
				"south": {"uv": [0, 0, 16, 3], "texture": "#1"},
				"west": {"uv": [2.99375, 0, 12.99375, 3], "texture": "#1"},
				"up": {"uv": [0, 0, 16, 10], "texture": "#1"},
				"down": {"uv": [0, 0, 16, 10], "rotation": 180, "texture": "#1"}
			}
		},
		{
			"from": [0, 12.75, 1],
			"to": [1.25, 14.5, 2.75],
			"rotation": {"angle": 22.5, "axis": "x", "origin": [8, 10.0625, 15.75]},
			"faces": {
				"north": {"uv": [0, 0, 1.25, 1.75], "texture": "#1"},
				"east": {"uv": [0, 0, 1.75, 1.75], "texture": "#1"},
				"south": {"uv": [0, 0, 1.25, 1.75], "texture": "#1"},
				"west": {"uv": [0.75833, 0, 2.50833, 1.75], "texture": "#1"},
				"up": {"uv": [0, 0, 1.25, 1.75], "texture": "#1"},
				"down": {"uv": [0, 0, 1.25, 1.75], "texture": "#1"}
			}
		},
		{
			"from": [0, 12.75, 12.75],
			"to": [1.25, 14.5, 14.5],
			"rotation": {"angle": 22.5, "axis": "x", "origin": [8, 10.0625, 15.75]},
			"faces": {
				"north": {"uv": [0, 0, 1.25, 1.75], "texture": "#1"},
				"east": {"uv": [0, 0, 1.75, 1.75], "texture": "#1"},
				"south": {"uv": [0, 0, 1.25, 1.75], "texture": "#1"},
				"west": {"uv": [2.5, 0, 4.25, 1.75], "texture": "#1"},
				"up": {"uv": [0, 0, 1.25, 1.75], "texture": "#1"},
				"down": {"uv": [0, 0, 1.25, 1.75], "texture": "#1"}
			}
		},
		{
			"from": [14.75, 12.75, 1],
			"to": [16, 14.5, 2.75],
			"rotation": {"angle": 22.5, "axis": "x", "origin": [8, 10.0625, 15.75]},
			"faces": {
				"north": {"uv": [0, 0, 1.25, 1.75], "texture": "#1"},
				"east": {"uv": [13.00625, 0, 14.75625, 1.75], "texture": "#1"},
				"south": {"uv": [0, 0, 1.25, 1.75], "texture": "#1"},
				"west": {"uv": [0, 0, 1.75, 1.75], "texture": "#1"},
				"up": {"uv": [0, 0, 1.25, 1.75], "texture": "#1"},
				"down": {"uv": [0, 0, 1.25, 1.75], "texture": "#1"}
			}
		},
		{
			"from": [14.75, 12.75, 12.75],
			"to": [16, 14.5, 14.5],
			"rotation": {"angle": 22.5, "axis": "x", "origin": [8, 10.0625, 15.75]},
			"faces": {
				"north": {"uv": [0, 0, 1.25, 1.75], "texture": "#1"},
				"east": {"uv": [0.75833, 0, 2.50833, 1.75], "texture": "#1"},
				"south": {"uv": [0, 0, 1.25, 1.75], "texture": "#1"},
				"west": {"uv": [0, 0, 1.75, 1.75], "texture": "#1"},
				"up": {"uv": [0, 0, 1.25, 1.75], "texture": "#1"},
				"down": {"uv": [0, 0, 1.25, 1.75], "texture": "#1"}
			}
		},
		{
			"from": [0.05, 21.02656, 6.33664],
			"to": [15.95, 23.27656, 10.58664],
			"rotation": {"angle": -22.5, "axis": "x", "origin": [8, 10.0625, 15.75]},
			"faces": {
				"north": {"uv": [0, 0, 15.9, 2.25], "rotation": 180, "texture": "#1"},
				"east": {"uv": [0, 0, 2.25, 4.25], "rotation": 270, "texture": "#1"},
				"south": {"uv": [0, 0, 15.9, 2.25], "texture": "#1"},
				"west": {"uv": [0, 0, 2.25, 4.25], "rotation": 90, "texture": "#1"},
				"up": {"uv": [0.1, 0.1, 16, 4.35], "texture": "#1"},
				"down": {"uv": [0, 0, 15.9, 4.25], "texture": "#1"}
			}
		},
		{
			"from": [0.025, 11.96284, 15.40035],
			"to": [15.925, 16.21284, 17.65035],
			"rotation": {"angle": -22.5, "axis": "x", "origin": [8, 10.0625, 15.75]},
			"faces": {
				"north": {"uv": [0, 0, 15.9, 4.25], "rotation": 180, "texture": "#1"},
				"east": {"uv": [0, 0, 2.25, 4.25], "rotation": 180, "texture": "#1"},
				"south": {"uv": [0, 0, 15.9, 4.25], "texture": "#1"},
				"west": {"uv": [0, 0, 2.25, 4.25], "rotation": 180, "texture": "#1"},
				"up": {"uv": [0, 0, 15.9, 2.25], "texture": "#1"},
				"down": {"uv": [0, 0, 15.9, 2.25], "texture": "#1"}
			}
		},
		{
			"from": [9.5, 11.75, -0.75],
			"to": [11.35, 12.75, 1],
			"rotation": {"angle": 22.5, "axis": "x", "origin": [8, 10.0625, 15.75]},
			"faces": {
				"north": {"uv": [0, 0, 1.85, 1], "texture": "#0"},
				"east": {"uv": [0, 0, 1.75, 1], "texture": "#0"},
				"south": {"uv": [0, 0, 1.85, 1], "texture": "#0"},
				"west": {"uv": [0, 0, 1.75, 1], "texture": "#0"},
				"up": {"uv": [0, 0, 1.85, 1.75], "texture": "#0"},
				"down": {"uv": [0, 0, 1.85, 1.75], "texture": "#0"}
			}
		},
		{
			"from": [-0.5, 9.75, -0.75],
			"to": [16.5, 11.75, 16.25],
			"rotation": {"angle": 22.5, "axis": "x", "origin": [8, 10.0625, 15.75]},
			"faces": {
				"north": {"uv": [0, 0, 16, 2], "texture": "#0"},
				"east": {"uv": [0, 0, 16, 2], "texture": "#0"},
				"south": {"uv": [0, 0, 16, 2], "texture": "#0"},
				"west": {"uv": [0, 0, 16, 2], "texture": "#0"},
				"up": {"uv": [0, 0, 16, 16], "texture": "#0"},
				"down": {"uv": [0, 0, 16, 16], "texture": "#0"}
			}
		},
		{
			"from": [-0.35, 11.75, -0.75],
			"to": [1.5, 12.75, 1],
			"rotation": {"angle": 22.5, "axis": "x", "origin": [8, 10.0625, 15.75]},
			"faces": {
				"north": {"uv": [0, 0, 1.85, 1], "texture": "#0"},
				"east": {"uv": [0, 0, 1.75, 1], "texture": "#0"},
				"south": {"uv": [0, 0, 1.85, 1], "texture": "#0"},
				"west": {"uv": [0, 0, 1.75, 1], "texture": "#0"},
				"up": {"uv": [0, 0, 1.85, 1.75], "texture": "#0"},
				"down": {"uv": [0, 0, 1.85, 1.75], "texture": "#0"}
			}
		},
		{
			"from": [-0.35, 11.75, 14.5],
			"to": [1.5, 12.75, 16.25],
			"rotation": {"angle": 22.5, "axis": "x", "origin": [8, 10.0625, 15.75]},
			"faces": {
				"north": {"uv": [2, 5, 3.85, 6], "texture": "#0"},
				"east": {"uv": [0, 0, 1.75, 1], "texture": "#0"},
				"south": {"uv": [0, 0, 1.85, 1], "texture": "#0"},
				"west": {"uv": [1, 2, 2.75, 3], "texture": "#0"},
				"up": {"uv": [0, 0, 1.85, 1.75], "texture": "#0"},
				"down": {"uv": [0, 0, 1.85, 1.75], "texture": "#0"}
			}
		},
		{
			"from": [-0.35, 14.75, 2.5],
			"to": [1.5, 16, 13],
			"rotation": {"angle": 22.5, "axis": "x", "origin": [8, 10.0625, 15.75]},
			"faces": {
				"north": {"uv": [0, 0, 1.85, 1.25], "texture": "#0"},
				"east": {"uv": [0, 0, 10.5, 1.25], "texture": "#0"},
				"south": {"uv": [0, 0, 1.85, 1.25], "texture": "#0"},
				"west": {"uv": [1.25, 0.25, 11.75, 1.5], "texture": "#0"},
				"up": {"uv": [0, 2, 1.85, 12.5], "texture": "#0"},
				"down": {"uv": [0, 0, 1.85, 10.5], "texture": "#0"}
			}
		},
		{
			"from": [-0.325, 11.60549, 16.75391],
			"to": [1.475, 16.20549, 18.00391],
			"rotation": {"angle": -22.5, "axis": "x", "origin": [8, 10.0625, 15.75]},
			"faces": {
				"north": {"uv": [0, 0, 1.8, 4.6], "rotation": 180, "texture": "#0"},
				"east": {"uv": [0, 0, 4.6, 1.25], "rotation": 270, "texture": "#0"},
				"south": {"uv": [0, 5, 1.8, 9.6], "texture": "#0"},
				"west": {"uv": [11.4, 0.375, 16, 1.625], "rotation": 90, "texture": "#0"},
				"up": {"uv": [0, 0, 1.8, 1.25], "rotation": 180, "texture": "#0"},
				"down": {"uv": [0, 0, 1.8, 1.25], "texture": "#0"}
			}
		},
		{
			"from": [-0.325, 22.38011, 5.97928],
			"to": [1.475, 23.63011, 10.57928],
			"rotation": {"angle": -22.5, "axis": "x", "origin": [8, 10.0625, 15.75]},
			"faces": {
				"north": {"uv": [0, 0, 1.8, 1.25], "texture": "#0"},
				"east": {"uv": [0, 0, 4.6, 1.25], "texture": "#0"},
				"south": {"uv": [0, 0, 1.8, 1.25], "texture": "#0"},
				"west": {"uv": [1, 0.5, 5.6, 1.75], "texture": "#0"},
				"up": {"uv": [0, 2, 1.8, 6.6], "texture": "#0"},
				"down": {"uv": [0, 0, 1.8, 4.6], "texture": "#0"}
			}
		},
		{
			"from": [14.5, 11.75, 14.5],
			"to": [16.35, 12.75, 16.25],
			"rotation": {"angle": 22.5, "axis": "x", "origin": [8, 10.0625, 15.75]},
			"faces": {
				"north": {"uv": [0, 0, 1.85, 1], "texture": "#0"},
				"east": {"uv": [0.35, 1.075, 2.1, 2.075], "texture": "#0"},
				"south": {"uv": [0, 0, 1.85, 1], "texture": "#0"},
				"west": {"uv": [0, 0, 1.75, 1], "texture": "#0"},
				"up": {"uv": [0, 0, 1.85, 1.75], "texture": "#0"},
				"down": {"uv": [0, 0, 1.85, 1.75], "texture": "#0"}
			}
		},
		{
			"from": [14.525, 11.60549, 16.75391],
			"to": [16.325, 16.20549, 18.00391],
			"rotation": {"angle": -22.5, "axis": "x", "origin": [8, 10.0625, 15.75]},
			"faces": {
				"north": {"uv": [0, 0, 1.8, 4.6], "rotation": 180, "texture": "#0"},
				"east": {"uv": [2.775, 0.575, 7.375, 1.825], "rotation": 270, "texture": "#0"},
				"south": {"uv": [14.2, 1, 16, 5.6], "texture": "#0"},
				"west": {"uv": [0, 0, 4.6, 1.25], "rotation": 90, "texture": "#0"},
				"up": {"uv": [0, 0, 1.8, 1.25], "rotation": 180, "texture": "#0"},
				"down": {"uv": [0, 0, 1.8, 1.25], "texture": "#0"}
			}
		},
		{
			"from": [14.5, 14.75, 2.5],
			"to": [16.35, 16, 13],
			"rotation": {"angle": 22.5, "axis": "x", "origin": [8, 10.0625, 15.75]},
			"faces": {
				"north": {"uv": [0, 0, 1.85, 1.25], "texture": "#0"},
				"east": {"uv": [2.35, 0.375, 12.85, 1.625], "texture": "#0"},
				"south": {"uv": [0, 0, 1.85, 1.25], "texture": "#0"},
				"west": {"uv": [0, 0, 10.5, 1.25], "texture": "#0"},
				"up": {"uv": [14.15, 3, 16, 13.5], "texture": "#0"},
				"down": {"uv": [0, 0, 1.85, 10.5], "texture": "#0"}
			}
		},
		{
			"from": [14.525, 22.38011, 5.97928],
			"to": [16.325, 23.63011, 10.57928],
			"rotation": {"angle": -22.5, "axis": "x", "origin": [8, 10.0625, 15.75]},
			"faces": {
				"north": {"uv": [0, 0, 1.8, 1.25], "texture": "#0"},
				"east": {"uv": [1.025, 0.525, 5.625, 1.775], "texture": "#0"},
				"south": {"uv": [0, 0, 1.8, 1.25], "texture": "#0"},
				"west": {"uv": [0, 0, 4.6, 1.25], "texture": "#0"},
				"up": {"uv": [14.2, 3, 16, 7.6], "texture": "#0"},
				"down": {"uv": [0, 0, 1.8, 4.6], "texture": "#0"}
			}
		},
		{
			"from": [14.5, 11.75, -0.75],
			"to": [16.35, 12.75, 1],
			"rotation": {"angle": 22.5, "axis": "x", "origin": [8, 10.0625, 15.75]},
			"faces": {
				"north": {"uv": [0, 0, 1.85, 1], "texture": "#0"},
				"east": {"uv": [13.95, 3.75, 15.7, 4.75], "texture": "#0"},
				"south": {"uv": [0, 0, 1.85, 1], "texture": "#0"},
				"west": {"uv": [0, 0, 1.75, 1], "texture": "#0"},
				"up": {"uv": [0, 0, 1.85, 1.75], "texture": "#0"},
				"down": {"uv": [0, 0, 1.85, 1.75], "texture": "#0"}
			}
		},
		{
			"from": [9.5, 11.75, 14.5],
			"to": [11.35, 12.75, 16.25],
			"rotation": {"angle": 22.5, "axis": "x", "origin": [8, 10.0625, 15.75]},
			"faces": {
				"north": {"uv": [0, 0, 1.85, 1], "texture": "#0"},
				"east": {"uv": [0, 0, 1.75, 1], "texture": "#0"},
				"south": {"uv": [0, 0, 1.85, 1], "texture": "#0"},
				"west": {"uv": [0, 0, 1.75, 1], "texture": "#0"},
				"up": {"uv": [0, 0, 1.85, 1.75], "texture": "#0"},
				"down": {"uv": [0, 0, 1.85, 1.75], "texture": "#0"}
			}
		},
		{
			"from": [9.525, 11.60549, 16.75391],
			"to": [11.325, 16.20549, 18.00391],
			"rotation": {"angle": -22.5, "axis": "x", "origin": [8, 10.0625, 15.75]},
			"faces": {
				"north": {"uv": [0, 0, 1.8, 4.6], "rotation": 180, "texture": "#0"},
				"east": {"uv": [0, 0, 4.6, 1.25], "rotation": 270, "texture": "#0"},
				"south": {"uv": [0, 0, 1.8, 4.6], "texture": "#0"},
				"west": {"uv": [0, 0, 4.6, 1.25], "rotation": 90, "texture": "#0"},
				"up": {"uv": [0, 0, 1.8, 1.25], "rotation": 180, "texture": "#0"},
				"down": {"uv": [0, 0, 1.8, 1.25], "texture": "#0"}
			}
		},
		{
			"from": [9.5, 14.75, 2.5],
			"to": [11.35, 16, 13],
			"rotation": {"angle": 22.5, "axis": "x", "origin": [8, 10.0625, 15.75]},
			"faces": {
				"north": {"uv": [0, 0, 1.85, 1.25], "texture": "#0"},
				"east": {"uv": [0, 0, 10.5, 1.25], "texture": "#0"},
				"south": {"uv": [0, 0, 1.85, 1.25], "texture": "#0"},
				"west": {"uv": [0, 0, 10.5, 1.25], "texture": "#0"},
				"up": {"uv": [5, 3, 6.85, 13.5], "texture": "#0"},
				"down": {"uv": [0, 0, 1.85, 10.5], "texture": "#0"}
			}
		},
		{
			"from": [9.525, 22.38011, 5.97928],
			"to": [11.325, 23.63011, 10.57928],
			"rotation": {"angle": -22.5, "axis": "x", "origin": [8, 10.0625, 15.75]},
			"faces": {
				"north": {"uv": [0, 0, 1.8, 1.25], "texture": "#0"},
				"east": {"uv": [0, 0, 4.6, 1.25], "texture": "#0"},
				"south": {"uv": [0, 0, 1.8, 1.25], "texture": "#0"},
				"west": {"uv": [0, 0, 4.6, 1.25], "texture": "#0"},
				"up": {"uv": [5, 3, 6.8, 7.6], "texture": "#0"},
				"down": {"uv": [0, 0, 1.8, 4.6], "texture": "#0"}
			}
		},
		{
			"from": [4.5, 11.75, -0.75],
			"to": [6.35, 12.75, 1],
			"rotation": {"angle": 22.5, "axis": "x", "origin": [8, 10.0625, 15.75]},
			"faces": {
				"north": {"uv": [0, 0, 1.85, 1], "texture": "#0"},
				"east": {"uv": [0, 0, 1.75, 1], "texture": "#0"},
				"south": {"uv": [0, 0, 1.85, 1], "texture": "#0"},
				"west": {"uv": [0, 0, 1.75, 1], "texture": "#0"},
				"up": {"uv": [0, 0, 1.85, 1.75], "texture": "#0"},
				"down": {"uv": [0, 0, 1.85, 1.75], "texture": "#0"}
			}
		},
		{
			"from": [4.525, 22.38011, 5.97928],
			"to": [6.325, 23.63011, 10.57928],
			"rotation": {"angle": -22.5, "axis": "x", "origin": [8, 10.0625, 15.75]},
			"faces": {
				"north": {"uv": [0, 0, 1.8, 1.25], "texture": "#0"},
				"east": {"uv": [0, 0, 4.6, 1.25], "texture": "#0"},
				"south": {"uv": [0, 0, 1.8, 1.25], "texture": "#0"},
				"west": {"uv": [0, 0, 4.6, 1.25], "texture": "#0"},
				"up": {"uv": [4, 3, 5.8, 7.6], "texture": "#0"},
				"down": {"uv": [0, 0, 1.8, 4.6], "texture": "#0"}
			}
		},
		{
			"from": [4.5, 14.75, 2.5],
			"to": [6.35, 16, 13],
			"rotation": {"angle": 22.5, "axis": "x", "origin": [8, 10.0625, 15.75]},
			"faces": {
				"north": {"uv": [0, 0, 1.85, 1.25], "texture": "#0"},
				"east": {"uv": [0, 0, 10.5, 1.25], "texture": "#0"},
				"south": {"uv": [0, 0, 1.85, 1.25], "texture": "#0"},
				"west": {"uv": [0, 0, 10.5, 1.25], "texture": "#0"},
				"up": {"uv": [3, 3, 4.85, 13.5], "texture": "#0"},
				"down": {"uv": [0, 0, 1.85, 10.5], "texture": "#0"}
			}
		},
		{
			"from": [4.525, 11.60549, 16.75391],
			"to": [6.325, 16.20549, 18.00391],
			"rotation": {"angle": -22.5, "axis": "x", "origin": [8, 10.0625, 15.75]},
			"faces": {
				"north": {"uv": [0, 0, 1.8, 4.6], "rotation": 180, "texture": "#0"},
				"east": {"uv": [0, 0, 4.6, 1.25], "rotation": 270, "texture": "#0"},
				"south": {"uv": [0, 0, 1.8, 4.6], "texture": "#0"},
				"west": {"uv": [0, 0, 4.6, 1.25], "rotation": 90, "texture": "#0"},
				"up": {"uv": [0, 0, 1.8, 1.25], "rotation": 180, "texture": "#0"},
				"down": {"uv": [0, 0, 1.8, 1.25], "texture": "#0"}
			}
		},
		{
			"from": [4.5, 11.75, 14.5],
			"to": [6.35, 12.75, 16.25],
			"rotation": {"angle": 22.5, "axis": "x", "origin": [8, 10.0625, 15.75]},
			"faces": {
				"north": {"uv": [0, 0, 1.85, 1], "texture": "#0"},
				"east": {"uv": [0, 0, 1.75, 1], "texture": "#0"},
				"south": {"uv": [0, 0, 1.85, 1], "texture": "#0"},
				"west": {"uv": [0, 0, 1.75, 1], "texture": "#0"},
				"up": {"uv": [0, 0, 1.85, 1.75], "texture": "#0"},
				"down": {"uv": [0, 0, 1.85, 1.75], "texture": "#0"}
			}
		},
		{
			"from": [-0.2, 9, -0.2],
			"to": [16.2, 10, 16.2],
			"rotation": {"angle": 0, "axis": "y", "origin": [0, -3, 0]},
			"faces": {
				"north": {"uv": [0, 0, 16, 1], "texture": "#0"},
				"east": {"uv": [0, 0, 16, 1], "texture": "#0"},
				"south": {"uv": [0, 0, 16, 1], "texture": "#0"},
				"west": {"uv": [0, 0, 16, 1], "texture": "#0"},
				"up": {"uv": [0, 0, 16, 16], "texture": "#0"},
				"down": {"uv": [0, 0, 16, 16], "texture": "#0"}
			}
		},
		{
			"from": [-0.45, 5.5, -0.45],
			"to": [16.45, 7, 16.45],
			"rotation": {"angle": 0, "axis": "y", "origin": [0, -6, 0]},
			"faces": {
				"north": {"uv": [0, 5, 16, 6.5], "texture": "#0"},
				"east": {"uv": [0, 6, 16, 7.5], "texture": "#0"},
				"south": {"uv": [0, 6, 16, 7.5], "texture": "#0"},
				"west": {"uv": [0, 7, 16, 8.5], "texture": "#0"},
				"up": {"uv": [0, 0, 16, 16], "texture": "#0"},
				"down": {"uv": [0, 0, 16, 16], "texture": "#0"}
			}
		},
		{
			"from": [-0.2, 0.75, -0.2],
			"to": [16.2, 2, 16.2],
			"rotation": {"angle": 0, "axis": "y", "origin": [0, -11, 0]},
			"faces": {
				"north": {"uv": [0, 14.75, 16, 16], "texture": "#0"},
				"east": {"uv": [0, 14.75, 16, 16], "texture": "#0"},
				"south": {"uv": [0, 14.75, 16, 16], "texture": "#0"},
				"west": {"uv": [0, 14.75, 16, 16], "texture": "#0"},
				"up": {"uv": [0, 0, 16, 16], "texture": "#0"},
				"down": {"uv": [0, 0, 16, 16], "texture": "#0"}
			}
		},
		{
			"from": [0.8, -0.25, 0.3],
			"to": [2.7, 0.75, 1.95],
			"rotation": {"angle": 0, "axis": "y", "origin": [0.25, -11.75, 0]},
			"faces": {
				"north": {"uv": [5, 8.75, 6.9, 9.5], "texture": "#0"},
				"east": {"uv": [14.05, 15.25, 15.7, 16], "texture": "#0"},
				"south": {"uv": [0.55, 15.25, 2.45, 16], "texture": "#0"},
				"west": {"uv": [0.3, 15.25, 1.95, 16], "texture": "#0"},
				"up": {"uv": [0, 0, 16, 16], "texture": "#0"},
				"down": {"uv": [8.55, 4.05, 6.45, 5.7], "texture": "#0"}
			}
		},
		{
			"from": [13.3, -0.25, 0.3],
			"to": [15.2, 0.75, 1.95],
			"rotation": {"angle": 0, "axis": "y", "origin": [12.75, -11.75, 0]},
			"faces": {
				"north": {"uv": [5, 8.75, 6.9, 9.5], "texture": "#0"},
				"east": {"uv": [14.05, 15.25, 15.7, 16], "texture": "#0"},
				"south": {"uv": [0.55, 15.25, 2.45, 16], "texture": "#0"},
				"west": {"uv": [0.3, 15.25, 1.95, 16], "texture": "#0"},
				"up": {"uv": [0, 0, 16, 16], "texture": "#0"},
				"down": {"uv": [8.55, 4.05, 6.45, 5.7], "texture": "#0"}
			}
		},
		{
			"from": [0.8, -0.25, 14.3],
			"to": [2.7, 0.75, 15.95],
			"rotation": {"angle": 0, "axis": "y", "origin": [0.25, -11.75, 14]},
			"faces": {
				"north": {"uv": [5, 8.75, 6.9, 9.5], "texture": "#0"},
				"east": {"uv": [14.05, 15.25, 15.7, 16], "texture": "#0"},
				"south": {"uv": [0.55, 15.25, 2.45, 16], "texture": "#0"},
				"west": {"uv": [0.3, 15.25, 1.95, 16], "texture": "#0"},
				"up": {"uv": [0, 0, 16, 16], "texture": "#0"},
				"down": {"uv": [8.55, 4.05, 6.45, 5.7], "texture": "#0"}
			}
		},
		{
			"from": [13.3, -0.25, 14.3],
			"to": [15.2, 0.75, 15.95],
			"rotation": {"angle": 0, "axis": "y", "origin": [12.75, -11.75, 14]},
			"faces": {
				"north": {"uv": [5, 8.75, 6.9, 9.5], "texture": "#0"},
				"east": {"uv": [14.05, 15.25, 15.7, 16], "texture": "#0"},
				"south": {"uv": [0.55, 15.25, 2.45, 16], "texture": "#0"},
				"west": {"uv": [0.3, 15.25, 1.95, 16], "texture": "#0"},
				"up": {"uv": [0, 0, 16, 16], "texture": "#0"},
				"down": {"uv": [8.55, 4.05, 6.45, 5.7], "texture": "#0"}
			}
		},
		{
			"from": [14.3, 2, -0.2],
			"to": [16.2, 9, 2.2],
			"rotation": {"angle": 0, "axis": "y", "origin": [0, -3, 0]},
			"faces": {
				"north": {"uv": [0, 7, 1.9, 14], "texture": "#0"},
				"east": {"uv": [13.6, 3, 16, 10], "texture": "#0"},
				"south": {"uv": [0, 0, 1.9, 7], "texture": "#0"},
				"west": {"uv": [0, 0, 2.4, 7], "texture": "#0"},
				"up": {"uv": [0, 0, 1.9, 2.4], "texture": "#0"},
				"down": {"uv": [0, 0, 1.9, 2.4], "texture": "#0"}
			}
		},
		{
			"from": [14.3, 2, 13.8],
			"to": [16.2, 9, 16.2],
			"rotation": {"angle": 0, "axis": "y", "origin": [0, -3, 14]},
			"faces": {
				"north": {"uv": [0, 0, 1.9, 7], "texture": "#0"},
				"east": {"uv": [0, 2, 2.4, 9], "texture": "#0"},
				"south": {"uv": [14.1, 6, 16, 13], "texture": "#0"},
				"west": {"uv": [0, 0, 2.4, 7], "texture": "#0"},
				"up": {"uv": [0, 0, 1.9, 2.4], "texture": "#0"},
				"down": {"uv": [0, 0, 1.9, 2.4], "texture": "#0"}
			}
		},
		{
			"from": [-0.2, 2, 13.8],
			"to": [1.7, 9, 16.2],
			"rotation": {"angle": 0, "axis": "y", "origin": [-14.5, -3, 14]},
			"faces": {
				"north": {"uv": [0, 0, 1.9, 7], "texture": "#0"},
				"east": {"uv": [0, 0, 2.4, 7], "texture": "#0"},
				"south": {"uv": [0, 6, 1.9, 13], "texture": "#0"},
				"west": {"uv": [13.6, 6, 16, 13], "texture": "#0"},
				"up": {"uv": [0, 0, 1.9, 2.4], "texture": "#0"},
				"down": {"uv": [0, 0, 1.9, 2.4], "texture": "#0"}
			}
		},
		{
			"from": [-0.2, 2, -0.2],
			"to": [1.7, 9, 2.2],
			"rotation": {"angle": 0, "axis": "y", "origin": [-14.5, -3, 0]},
			"faces": {
				"north": {"uv": [14.1, 8, 16, 15], "texture": "#0"},
				"east": {"uv": [0, 0, 2.4, 7], "texture": "#0"},
				"south": {"uv": [0, 0, 1.9, 7], "texture": "#0"},
				"west": {"uv": [0, 7, 2.4, 14], "texture": "#0"},
				"up": {"uv": [0, 0, 1.9, 2.4], "texture": "#0"},
				"down": {"uv": [0, 0, 1.9, 2.4], "texture": "#0"}
			}
		},
		{
			"from": [15.5, 4.5, 6.25],
			"to": [16.65, 8, 9.75],
			"rotation": {"angle": 45, "axis": "x", "origin": [16.45, 6.25, 8]},
			"faces": {
				"north": {"uv": [0, 8.5, 0.45, 11], "texture": "#0"},
				"east": {"uv": [6.25, 8, 9.75, 11.5], "texture": "#0"},
				"south": {"uv": [15.55, 8.5, 16, 11], "texture": "#0"},
				"west": {"uv": [0, 6, 16, 7.5], "texture": "#0"},
				"up": {"uv": [6.75, 0, 9.25, 0.45], "rotation": 90, "texture": "#0"},
				"down": {"uv": [6.75, 15.55, 9.25, 16], "rotation": 270, "texture": "#0"}
			}
		},
		{
			"from": [7.2, 5.25, -0.7],
			"to": [8.7, 7.25, -0.05],
			"rotation": {"angle": 0, "axis": "y", "origin": [7.95, 6.25, -1]},
			"faces": {
				"north": {"uv": [1.25, 1, 4.75, 4.5], "texture": "#0"},
				"east": {"uv": [15.55, 8.5, 16, 11], "texture": "#0"},
				"south": {"uv": [0, 6, 16, 7.5], "texture": "#0"},
				"west": {"uv": [0, 8.5, 0.45, 11], "texture": "#0"},
				"up": {"uv": [6.75, 0, 9.25, 0.45], "texture": "#0"},
				"down": {"uv": [6.75, 15.55, 9.25, 16], "texture": "#0"}
			}
		},
		{
			"from": [-0.6, 4.5, 6.25],
			"to": [0.55, 8, 9.75],
			"rotation": {"angle": 45, "axis": "x", "origin": [0.35, 6.25, 8]},
			"faces": {
				"north": {"uv": [0, 8.5, 0.45, 11], "texture": "#0"},
				"east": {"uv": [6.25, 8, 9.75, 11.5], "texture": "#0"},
				"south": {"uv": [15.55, 8.5, 16, 11], "texture": "#0"},
				"west": {"uv": [0, 6, 16, 7.5], "texture": "#0"},
				"up": {"uv": [6.75, 0, 9.25, 0.45], "rotation": 90, "texture": "#0"},
				"down": {"uv": [6.75, 15.55, 9.25, 16], "rotation": 270, "texture": "#0"}
			}
		},
		{
			"from": [-0.8, 4.75, 6.5],
			"to": [-0.625, 7.75, 9.5],
			"rotation": {"angle": 45, "axis": "x", "origin": [-0.825, 6.25, 8]},
			"faces": {
				"north": {"uv": [8, 6.5, 8.45, 9], "texture": "#2"},
				"east": {"uv": [6.5, 6.5, 10, 10], "texture": "#2"},
				"south": {"uv": [8.05, 6.5, 8.5, 9], "texture": "#2"},
				"west": {"uv": [7, 6.75, 10, 9.75], "texture": "#2"},
				"up": {"uv": [7, 7, 9.5, 7.45], "rotation": 90, "texture": "#2"},
				"down": {"uv": [6.75, 10.05, 9.25, 10.5], "rotation": 270, "texture": "#2"}
			}
		},
		{
			"from": [16.65, 4.75, 6.5],
			"to": [16.825, 7.75, 9.5],
			"rotation": {"angle": 45, "axis": "x", "origin": [16.625, 6.25, 8]},
			"faces": {
				"north": {"uv": [8, 6.5, 8.45, 9], "texture": "#2"},
				"east": {"uv": [6.5, 6.5, 10, 10], "texture": "#2"},
				"south": {"uv": [8.05, 6.5, 8.5, 9], "texture": "#2"},
				"west": {"uv": [6.5, 8.25, 9.5, 11.25], "texture": "#2"},
				"up": {"uv": [7, 7, 9.5, 7.45], "rotation": 90, "texture": "#2"},
				"down": {"uv": [6.75, 10.05, 9.25, 10.5], "rotation": 270, "texture": "#2"}
			}
		},
		{
			"from": [2, 10.425, 1.9],
			"to": [3.6, 10.95, 9.15],
			"rotation": {"angle": 0, "axis": "y", "origin": [4, 8.95, 1.9]},
			"faces": {
				"north": {"uv": [0, 0, 1.6, 0.525], "texture": "#3"},
				"east": {"uv": [0, 0, 7.25, 0.525], "texture": "#3"},
				"south": {"uv": [0, 0, 1.6, 0.525], "texture": "#3"},
				"west": {"uv": [0, 0, 7.25, 0.525], "texture": "#3"},
				"up": {"uv": [0, 0, 7.25, 1.6], "rotation": 90, "texture": "#3"},
				"down": {"uv": [0, 0, 7.25, 1.6], "rotation": 270, "texture": "#3"}
			}
		},
		{
			"from": [3.775, 10.45, 1.925],
			"to": [4, 10.925, 9.125],
			"rotation": {"angle": 22.5, "axis": "z", "origin": [3.75, 9.95, 5.525]},
			"faces": {
				"north": {"uv": [0, 0, 0.225, 0.475], "texture": "#3"},
				"east": {"uv": [0, 0, 7.2, 0.475], "texture": "#3"},
				"south": {"uv": [0, 0, 0.225, 0.475], "texture": "#3"},
				"west": {"uv": [0, 0, 7.2, 0.475], "texture": "#3"},
				"up": {"uv": [0, 0, 7.2, 0.225], "rotation": 90, "texture": "#3"},
				"down": {"uv": [0, 0, 7.2, 0.225], "rotation": 270, "texture": "#3"}
			}
		},
		{
			"from": [1.60785, 10.45355, 1.925],
			"to": [1.83285, 10.92855, 9.125],
			"rotation": {"angle": -22.5, "axis": "z", "origin": [1.85785, 9.95355, 5.525]},
			"faces": {
				"north": {"uv": [0, 0, 0.225, 0.475], "texture": "#3"},
				"east": {"uv": [0, 0, 7.2, 0.475], "texture": "#3"},
				"south": {"uv": [0, 0, 0.225, 0.475], "texture": "#3"},
				"west": {"uv": [0, 0, 7.2, 0.475], "texture": "#3"},
				"up": {"uv": [0, 0, 7.2, 0.225], "rotation": 90, "texture": "#3"},
				"down": {"uv": [0, 0, 7.2, 0.225], "rotation": 270, "texture": "#3"}
			}
		},
		{
			"from": [4.25, 10.425, 2.25],
			"to": [5.85, 10.95, 9.5],
			"rotation": {"angle": 0, "axis": "y", "origin": [6.25, 8.95, 2.25]},
			"faces": {
				"north": {"uv": [0, 0, 1.6, 0.525], "texture": "#3"},
				"east": {"uv": [0, 0, 7.25, 0.525], "texture": "#3"},
				"south": {"uv": [0, 0, 1.6, 0.525], "texture": "#3"},
				"west": {"uv": [0, 0, 7.25, 0.525], "texture": "#3"},
				"up": {"uv": [0, 0, 7.25, 1.6], "rotation": 90, "texture": "#3"},
				"down": {"uv": [0, 0, 7.25, 1.6], "rotation": 270, "texture": "#3"}
			}
		},
		{
			"from": [6.025, 10.45, 2.275],
			"to": [6.25, 10.925, 9.475],
			"rotation": {"angle": 22.5, "axis": "z", "origin": [6, 9.95, 5.875]},
			"faces": {
				"north": {"uv": [0, 0, 0.225, 0.475], "texture": "#3"},
				"east": {"uv": [0, 0, 7.2, 0.475], "texture": "#3"},
				"south": {"uv": [0, 0, 0.225, 0.475], "texture": "#3"},
				"west": {"uv": [0, 0, 7.2, 0.475], "texture": "#3"},
				"up": {"uv": [0, 0, 7.2, 0.225], "rotation": 90, "texture": "#3"},
				"down": {"uv": [0, 0, 7.2, 0.225], "rotation": 270, "texture": "#3"}
			}
		},
		{
			"from": [3.85785, 10.45355, 2.275],
			"to": [4.08285, 10.92855, 9.475],
			"rotation": {"angle": -22.5, "axis": "z", "origin": [4.10785, 9.95355, 5.875]},
			"faces": {
				"north": {"uv": [0, 0, 0.225, 0.475], "texture": "#3"},
				"east": {"uv": [0, 0, 7.2, 0.475], "texture": "#3"},
				"south": {"uv": [0, 0, 0.225, 0.475], "texture": "#3"},
				"west": {"uv": [0, 0, 7.2, 0.475], "texture": "#3"},
				"up": {"uv": [0, 0, 7.2, 0.225], "rotation": 90, "texture": "#3"},
				"down": {"uv": [0, 0, 7.2, 0.225], "rotation": 270, "texture": "#3"}
			}
		},
		{
			"from": [4.25, 11.475, 2.25],
			"to": [5.85, 12, 9.5],
			"rotation": {"angle": 0, "axis": "y", "origin": [5.05393, 11.73575, 5.875]},
			"faces": {
				"north": {"uv": [0, 0, 1.6, 0.525], "texture": "#3"},
				"east": {"uv": [0, 0, 7.25, 0.525], "texture": "#3"},
				"south": {"uv": [0, 0, 1.6, 0.525], "texture": "#3"},
				"west": {"uv": [0, 0, 7.25, 0.525], "texture": "#3"},
				"up": {"uv": [0, 0, 7.25, 1.6], "rotation": 90, "texture": "#3"},
				"down": {"uv": [0, 0, 7.25, 1.6], "rotation": 270, "texture": "#3"}
			}
		},
		{
			"from": [5.67142, 11.19396, 2.275],
			"to": [5.89642, 11.66896, 9.475],
			"rotation": {"angle": 22.5, "axis": "z", "origin": [5.05393, 11.73575, 5.875]},
			"faces": {
				"north": {"uv": [0, 0, 0.225, 0.475], "texture": "#3"},
				"east": {"uv": [0, 0, 7.2, 0.475], "texture": "#3"},
				"south": {"uv": [0, 0, 0.225, 0.475], "texture": "#3"},
				"west": {"uv": [0, 0, 7.2, 0.475], "texture": "#3"},
				"up": {"uv": [0, 0, 7.2, 0.225], "rotation": 90, "texture": "#3"},
				"down": {"uv": [0, 0, 7.2, 0.225], "rotation": 270, "texture": "#3"}
			}
		},
		{
			"from": [4.21007, 11.19724, 2.275],
			"to": [4.43507, 11.67224, 9.475],
			"rotation": {"angle": -22.5, "axis": "z", "origin": [5.05393, 11.73575, 5.875]},
			"faces": {
				"north": {"uv": [0, 0, 0.225, 0.475], "texture": "#3"},
				"east": {"uv": [0, 0, 7.2, 0.475], "texture": "#3"},
				"south": {"uv": [0, 0, 0.225, 0.475], "texture": "#3"},
				"west": {"uv": [0, 0, 7.2, 0.475], "texture": "#3"},
				"up": {"uv": [0, 0, 7.2, 0.225], "rotation": 90, "texture": "#3"},
				"down": {"uv": [0, 0, 7.2, 0.225], "rotation": 270, "texture": "#3"}
			}
		},
		{
			"from": [2, 9.9, 2],
			"to": [3.6, 10.425, 9.25],
			"rotation": {"angle": 0, "axis": "y", "origin": [4, 8.425, 2]},
			"faces": {
				"north": {"uv": [0, 0, 1.6, 0.525], "texture": "#3"},
				"east": {"uv": [0, 0, 7.25, 0.525], "texture": "#3"},
				"south": {"uv": [0, 0, 1.6, 0.525], "texture": "#3"},
				"west": {"uv": [0, 0, 7.25, 0.525], "texture": "#3"},
				"up": {"uv": [0, 0, 7.25, 1.6], "rotation": 90, "texture": "#3"},
				"down": {"uv": [0, 0, 7.25, 1.6], "rotation": 270, "texture": "#3"}
			}
		},
		{
			"from": [3.775, 9.925, 2.025],
			"to": [4, 10.4, 9.225],
			"rotation": {"angle": 22.5, "axis": "z", "origin": [3.75, 9.425, 5.625]},
			"faces": {
				"north": {"uv": [0, 0, 0.225, 0.475], "texture": "#3"},
				"east": {"uv": [0, 0, 7.2, 0.475], "texture": "#3"},
				"south": {"uv": [0, 0, 0.225, 0.475], "texture": "#3"},
				"west": {"uv": [0, 0, 7.2, 0.475], "texture": "#3"},
				"up": {"uv": [0, 0, 7.2, 0.225], "rotation": 90, "texture": "#3"},
				"down": {"uv": [0, 0, 7.2, 0.225], "rotation": 270, "texture": "#3"}
			}
		},
		{
			"from": [1.60785, 9.92855, 2.025],
			"to": [1.83285, 10.40355, 9.225],
			"rotation": {"angle": -22.5, "axis": "z", "origin": [1.85785, 9.42855, 5.625]},
			"faces": {
				"north": {"uv": [0, 0, 0.225, 0.475], "texture": "#3"},
				"east": {"uv": [0, 0, 7.2, 0.475], "texture": "#3"},
				"south": {"uv": [0, 0, 0.225, 0.475], "texture": "#3"},
				"west": {"uv": [0, 0, 7.2, 0.475], "texture": "#3"},
				"up": {"uv": [0, 0, 7.2, 0.225], "rotation": 90, "texture": "#3"},
				"down": {"uv": [0, 0, 7.2, 0.225], "rotation": 270, "texture": "#3"}
			}
		},
		{
			"from": [4.25, 9.9, 2.4],
			"to": [5.85, 10.425, 9.65],
			"rotation": {"angle": 0, "axis": "y", "origin": [6.25, 8.425, 2.4]},
			"faces": {
				"north": {"uv": [0, 0, 1.6, 0.525], "texture": "#3"},
				"east": {"uv": [0, 0, 7.25, 0.525], "texture": "#3"},
				"south": {"uv": [0, 0, 1.6, 0.525], "texture": "#3"},
				"west": {"uv": [0, 0, 7.25, 0.525], "texture": "#3"},
				"up": {"uv": [0, 0, 7.25, 1.6], "rotation": 90, "texture": "#3"},
				"down": {"uv": [0, 0, 7.25, 1.6], "rotation": 270, "texture": "#3"}
			}
		},
		{
			"from": [6.025, 9.925, 2.425],
			"to": [6.25, 10.4, 9.625],
			"rotation": {"angle": 22.5, "axis": "z", "origin": [6, 9.425, 6.025]},
			"faces": {
				"north": {"uv": [0, 0, 0.225, 0.475], "texture": "#3"},
				"east": {"uv": [0, 0, 7.2, 0.475], "texture": "#3"},
				"south": {"uv": [0, 0, 0.225, 0.475], "texture": "#3"},
				"west": {"uv": [0, 0, 7.2, 0.475], "texture": "#3"},
				"up": {"uv": [0, 0, 7.2, 0.225], "rotation": 90, "texture": "#3"},
				"down": {"uv": [0, 0, 7.2, 0.225], "rotation": 270, "texture": "#3"}
			}
		},
		{
			"from": [3.85785, 9.92855, 2.425],
			"to": [4.08285, 10.40355, 9.625],
			"rotation": {"angle": -22.5, "axis": "z", "origin": [4.10785, 9.42855, 6.025]},
			"faces": {
				"north": {"uv": [0, 0, 0.225, 0.475], "texture": "#3"},
				"east": {"uv": [0, 0, 7.2, 0.475], "texture": "#3"},
				"south": {"uv": [0, 0, 0.225, 0.475], "texture": "#3"},
				"west": {"uv": [0, 0, 7.2, 0.475], "texture": "#3"},
				"up": {"uv": [0, 0, 7.2, 0.225], "rotation": 90, "texture": "#3"},
				"down": {"uv": [0, 0, 7.2, 0.225], "rotation": 270, "texture": "#3"}
			}
		},
		{
			"from": [4.25, 10.95, 2.175],
			"to": [5.85, 11.475, 9.425],
			"rotation": {"angle": 0, "axis": "y", "origin": [6.25, 9.475, 2.175]},
			"faces": {
				"north": {"uv": [0, 0, 1.6, 0.525], "texture": "#3"},
				"east": {"uv": [0, 0, 7.25, 0.525], "texture": "#3"},
				"south": {"uv": [0, 0, 1.6, 0.525], "texture": "#3"},
				"west": {"uv": [0, 0, 7.25, 0.525], "texture": "#3"},
				"up": {"uv": [0, 0, 7.25, 1.6], "rotation": 90, "texture": "#3"},
				"down": {"uv": [0, 0, 7.25, 1.6], "rotation": 270, "texture": "#3"}
			}
		},
		{
			"from": [6.025, 10.975, 2.2],
			"to": [6.25, 11.45, 9.4],
			"rotation": {"angle": 22.5, "axis": "z", "origin": [6, 10.475, 5.8]},
			"faces": {
				"north": {"uv": [0, 0, 0.225, 0.475], "texture": "#3"},
				"east": {"uv": [0, 0, 7.2, 0.475], "texture": "#3"},
				"south": {"uv": [0, 0, 0.225, 0.475], "texture": "#3"},
				"west": {"uv": [0, 0, 7.2, 0.475], "texture": "#3"},
				"up": {"uv": [0, 0, 7.2, 0.225], "rotation": 90, "texture": "#3"},
				"down": {"uv": [0, 0, 7.2, 0.225], "rotation": 270, "texture": "#3"}
			}
		},
		{
			"from": [3.85785, 10.97855, 2.2],
			"to": [4.08285, 11.45355, 9.4],
			"rotation": {"angle": -22.5, "axis": "z", "origin": [4.10785, 10.47855, 5.8]},
			"faces": {
				"north": {"uv": [0, 0, 0.225, 0.475], "texture": "#3"},
				"east": {"uv": [0, 0, 7.2, 0.475], "texture": "#3"},
				"south": {"uv": [0, 0, 0.225, 0.475], "texture": "#3"},
				"west": {"uv": [0, 0, 7.2, 0.475], "texture": "#3"},
				"up": {"uv": [0, 0, 7.2, 0.225], "rotation": 90, "texture": "#3"},
				"down": {"uv": [0, 0, 7.2, 0.225], "rotation": 270, "texture": "#3"}
			}
		},
		{
			"from": [7.75, 7.75, 5.5],
			"to": [11.75, 11.75, 9.5],
			"rotation": {"angle": 0, "axis": "y", "origin": [0.75, 7.75, 5.5]},
			"faces": {
				"north": {"uv": [0, 0, 16, 16], "texture": "#4"},
				"east": {"uv": [0, 0, 16, 16], "texture": "#4"},
				"south": {"uv": [0, 0, 10, 16], "texture": "#4"},
				"west": {"uv": [0, 0, 16, 16], "texture": "#4"},
				"up": {"uv": [0, 0, 16, 16], "texture": "#4"},
				"down": {"uv": [0, 0, 10, 16], "texture": "#4"}
			}
		},
		{
			"from": [7.25, 7, 2],
			"to": [11.25, 11, 6],
			"rotation": {"angle": 22.5, "axis": "y", "origin": [9.25, 9, 4]},
			"faces": {
				"north": {"uv": [0, 0, 16, 16], "texture": "#4"},
				"east": {"uv": [0, 0, 16, 16], "texture": "#4"},
				"south": {"uv": [0, 0, 10, 16], "texture": "#4"},
				"west": {"uv": [0, 0, 16, 16], "texture": "#4"},
				"up": {"uv": [0, 0, 16, 16], "texture": "#4"},
				"down": {"uv": [0, 0, 10, 16], "texture": "#4"}
			}
		}
	],
	"display": {
		"thirdperson_righthand": {
			"rotation": [75, 45, 0],
			"translation": [0, 2.5, 0],
			"scale": [0.375, 0.375, 0.375]
		},
		"thirdperson_lefthand": {
			"rotation": [75, 45, 0],
			"translation": [0, 2.5, 0],
			"scale": [0.375, 0.375, 0.375]
		},
		"firstperson_righthand": {
			"rotation": [0, 45, 0],
			"scale": [0.4, 0.4, 0.4]
		},
		"firstperson_lefthand": {
			"rotation": [0, 225, 0],
			"scale": [0.4, 0.4, 0.4]
		},
		"ground": {
			"translation": [0, 3, 0],
			"scale": [0.25, 0.25, 0.25]
		},
		"gui": {
			"rotation": [30, 225, 0],
			"scale": [0.625, 0.625, 0.625]
		},
		"fixed": {
			"scale": [0.5, 0.5, 0.5]
		}
	},
	"groups": [
		{
			"name": "inner",
			"origin": [8, 8, 8],
			"color": 3,
			"children": [0, 1, 2, 3, 4, 5, 6, 7, 8]
		},
		{
			"name": "outer",
			"origin": [8, 8, 8],
			"color": 1,
			"children": [
				{
					"name": "upper",
					"origin": [7.925, 14.05797, 1.44185],
					"color": 0,
					"children": [9, 10, 11, 12, 13, 14, 15, 16, 17, 18, 19, 20, 21, 22, 23, 24, 25, 26, 27, 28, 29]
				},
				{
					"name": "downer",
					"origin": [8, 8, 8],
					"color": 0,
					"children": [
						30,
						31,
						32,
						33,
						34,
						35,
						36,
						37,
						38,
						39,
						40,
						{
							"name": "lock",
							"origin": [8, 8, 8],
							"color": 0,
							"children": [41, 42, 43, 44, 45]
						}
					]
				}
			]
		},
		{
			"name": "loot",
			"origin": [8, 8, 8],
			"color": 0,
			"children": [
				{
					"name": "gold",
					"origin": [8, 8, 8],
					"color": 0,
					"children": [46, 47, 48]
				},
				{
					"name": "gold",
					"origin": [8, 8, 8],
					"color": 0,
					"children": [49, 50, 51]
				},
				{
					"name": "gold",
					"origin": [8, 8, 8],
					"color": 0,
					"children": [52, 53, 54]
				},
				{
					"name": "gold",
					"origin": [8, 8, 8],
					"color": 0,
					"children": [55, 56, 57]
				},
				{
					"name": "gold",
					"origin": [8, 8, 8],
					"color": 0,
					"children": [58, 59, 60]
				},
				{
					"name": "gold",
					"origin": [8, 8, 8],
					"color": 0,
					"children": [61, 62, 63]
				},
				64,
				65
			]
		}
	]
}