{
	"credit": "Made with Blockbench",
	"texture_size": [64, 64],
	"textures": {
		"7": "optifine/cit/pickaxes/eternal_pickaxe",
		"particle": "optifine/cit/pickaxes/eternal_pickaxe"
	},
	"elements": [
		{
			"from": [14.07502, 26.33159, 7.75],
			"to": [18.30002, 27.33159, 8.25],
			"rotation": {"angle": -22.5, "axis": "z", "origin": [17.80002, 26.83159, 8]},
			"faces": {
				"north": {"uv": [4.25, 3.25, 5.3125, 3.5], "texture": "#7"},
				"east": {"uv": [3.75, 7.25, 3.875, 7.5], "texture": "#7"},
				"south": {"uv": [5, 2.75, 6.0625, 3], "texture": "#7"},
				"west": {"uv": [7.25, 3.75, 7.375, 4], "texture": "#7"},
				"up": {"uv": [4.25, 3.5, 5.3125, 3.25], "texture": "#7"},
				"down": {"uv": [7.0625, 5.5, 6, 5.625], "texture": "#7"}
			}
		},
		{
			"from": [20.97575, 22.42541, 7.8],
			"to": [21.97575, 23.42541, 8.2],
			"rotation": {"angle": 22.5, "axis": "z", "origin": [19.97575, 22.42541, 7]},
			"faces": {
				"north": {"uv": [2.5, 3.25, 2.75, 3.5], "texture": "#7"},
				"east": {"uv": [2.5, 3.25, 2.75, 3.5], "texture": "#7"},
				"south": {"uv": [1.75, 4, 2, 4.25], "texture": "#7"},
				"west": {"uv": [7.25, 5.5, 7.375, 5.75], "texture": "#7"},
				"up": {"uv": [7.5, 5.875, 7.25, 5.75], "texture": "#7"},
				"down": {"uv": [7.5, 6, 7.25, 6.125], "texture": "#7"}
			}
		},
		{
			"from": [10.32491, 27.71902, 7.725],
			"to": [14.54991, 28.71902, 8.275],
			"rotation": {"angle": 0, "axis": "y", "origin": [14.04991, 28.21902, 8]},
			"faces": {
				"north": {"uv": [5, 3, 6.0625, 3.25], "texture": "#7"},
				"east": {"uv": [7.25, 6.25, 7.375, 6.5], "texture": "#7"},
				"south": {"uv": [5, 4, 6.0625, 4.25], "texture": "#7"},
				"west": {"uv": [6.5, 7.25, 6.625, 7.5], "texture": "#7"},
				"up": {"uv": [5, 3.25, 6.0625, 3], "texture": "#7"},
				"down": {"uv": [5, 4, 6.0625, 4.25], "texture": "#7"}
			}
		},
		{
			"from": [17.00872, 23.61466, 7.775],
			"to": [21.23372, 24.61466, 8.225],
			"rotation": {"angle": -45, "axis": "z", "origin": [20.73372, 24.11466, 8]},
			"faces": {
				"north": {"uv": [4.25, 3.25, 5.3125, 3.5], "texture": "#7"},
				"east": {"uv": [3.75, 7.25, 3.875, 7.5], "texture": "#7"},
				"south": {"uv": [5, 2.75, 6.0625, 3], "texture": "#7"},
				"west": {"uv": [7.25, 3.75, 7.375, 4], "texture": "#7"},
				"up": {"uv": [4.25, 3.5, 5.3125, 3.25], "texture": "#7"},
				"down": {"uv": [7.3125, 0.5, 6.25, 0.625], "texture": "#7"}
			}
		},
		{
			"from": [16.90403, 22.96138, 7.75],
			"to": [21.12903, 23.96138, 8.25],
			"rotation": {"angle": -22.5, "axis": "z", "origin": [20.62903, 23.46138, 8]},
			"faces": {
				"north": {"uv": [5, 4.25, 6.0625, 4.5], "texture": "#7"},
				"east": {"uv": [7.25, 6.5, 7.375, 6.75], "texture": "#7"},
				"south": {"uv": [4.5, 5, 5.5625, 5.25], "texture": "#7"},
				"west": {"uv": [7.25, 5.5, 7.375, 5.75], "texture": "#7"},
				"up": {"uv": [5, 4.5, 6.0625, 4.25], "texture": "#7"},
				"down": {"uv": [7.3125, 0.75, 6.25, 0.875], "texture": "#7"}
			}
		},
		{
			"from": [10.32892, 24.34881, 7.725],
			"to": [17.37892, 25.34881, 8.275],
			"rotation": {"angle": 0, "axis": "y", "origin": [16.87892, 24.84881, 8]},
			"faces": {
				"north": {"uv": [3.75, 3.5, 5.5, 3.75], "texture": "#7"},
				"east": {"uv": [6.75, 7.25, 6.875, 7.5], "texture": "#7"},
				"south": {"uv": [3.75, 3.75, 5.5, 4], "texture": "#7"},
				"west": {"uv": [6.5, 7.25, 6.625, 7.5], "texture": "#7"},
				"up": {"uv": [3.75, 3.75, 5.5, 3.5], "texture": "#7"},
				"down": {"uv": [7.25, 3.75, 5.5, 3.875], "texture": "#7"}
			}
		},
		{
			"from": [2.12108, 24.34881, 7.775],
			"to": [8.74608, 25.34881, 8.225],
			"rotation": {"angle": 0, "axis": "y", "origin": [2.62108, 24.84881, 8]},
			"faces": {
				"north": {"uv": [0, 4, 1.625, 4.25], "texture": "#7"},
				"east": {"uv": [7.25, 6.75, 7.375, 7], "texture": "#7"},
				"south": {"uv": [7.25, 3.75, 5.5, 3.875], "texture": "#7"},
				"west": {"uv": [3.75, 7.25, 3.875, 7.5], "texture": "#7"},
				"up": {"uv": [1.625, 4.25, 0, 4], "texture": "#7"},
				"down": {"uv": [7.25, 3.75, 5.5, 3.875], "texture": "#7"}
			}
		},
		{
			"from": [-1.62903, 22.96138, 7.8],
			"to": [2.59597, 23.96138, 8.2],
			"rotation": {"angle": 22.5, "axis": "z", "origin": [-1.12903, 23.46138, 8]},
			"faces": {
				"north": {"uv": [6.0625, 4.25, 5, 4.5], "texture": "#7"},
				"east": {"uv": [7.25, 5.5, 7.375, 5.75], "texture": "#7"},
				"south": {"uv": [5.5625, 5, 4.5, 5.25], "texture": "#7"},
				"west": {"uv": [7.25, 6.5, 7.375, 6.75], "texture": "#7"},
				"up": {"uv": [6.0625, 4.5, 5, 4.25], "texture": "#7"},
				"down": {"uv": [5.5625, 5, 4.5, 5.25], "texture": "#7"}
			}
		},
		{
			"from": [-1.73372, 23.61466, 7.775],
			"to": [2.49128, 24.61466, 8.225],
			"rotation": {"angle": 45, "axis": "z", "origin": [-1.23372, 24.11466, 8]},
			"faces": {
				"north": {"uv": [6.0625, 4.25, 5, 4.5], "texture": "#7"},
				"east": {"uv": [7.25, 5.5, 7.375, 5.75], "texture": "#7"},
				"south": {"uv": [5.5625, 5, 4.5, 5.25], "texture": "#7"},
				"west": {"uv": [7.25, 6.5, 7.375, 6.75], "texture": "#7"},
				"up": {"uv": [6.0625, 4.5, 5, 4.25], "texture": "#7"},
				"down": {"uv": [5.5625, 5, 4.5, 5.25], "texture": "#7"}
			}
		},
		{
			"from": [1.19998, 26.33159, 7.75],
			"to": [5.42498, 27.33159, 8.25],
			"rotation": {"angle": 22.5, "axis": "z", "origin": [1.69998, 26.83159, 8]},
			"faces": {
				"north": {"uv": [6.0625, 3, 5, 3.25], "texture": "#7"},
				"east": {"uv": [6.5, 7.25, 6.625, 7.5], "texture": "#7"},
				"south": {"uv": [6.0625, 4, 5, 4.25], "texture": "#7"},
				"west": {"uv": [7.25, 6.25, 7.375, 6.5], "texture": "#7"},
				"up": {"uv": [6.0625, 3.25, 5, 3], "texture": "#7"},
				"down": {"uv": [6.0625, 4, 5, 4.25], "texture": "#7"}
			}
		},
		{
			"from": [4.95009, 27.71902, 7.725],
			"to": [9.17509, 28.71902, 8.275],
			"rotation": {"angle": 0, "axis": "y", "origin": [5.45009, 28.21902, 8]},
			"faces": {
				"north": {"uv": [6.0625, 4.25, 5, 4.5], "texture": "#7"},
				"east": {"uv": [7.25, 5.5, 7.375, 5.75], "texture": "#7"},
				"south": {"uv": [5.5625, 5, 4.5, 5.25], "texture": "#7"},
				"west": {"uv": [7.25, 6.5, 7.375, 6.75], "texture": "#7"},
				"up": {"uv": [6.0625, 4.5, 5, 4.25], "texture": "#7"},
				"down": {"uv": [5.5625, 5, 4.5, 5.25], "texture": "#7"}
			}
		},
		{
			"from": [-2.47575, 22.42541, 7.825],
			"to": [-1.47575, 23.42541, 8.175],
			"rotation": {"angle": -22.5, "axis": "z", "origin": [-0.47575, 22.42541, 7]},
			"faces": {
				"north": {"uv": [4.25, 2.5, 4.5, 2.75], "texture": "#7"},
				"east": {"uv": [3, 7.75, 3.0625, 8], "texture": "#7"},
				"south": {"uv": [5.5, 0.5, 5.75, 0.75], "texture": "#7"},
				"west": {"uv": [4.25, 2.5, 4.5, 2.75], "texture": "#7"},
				"up": {"uv": [8, 3.0625, 7.75, 3], "texture": "#7"},
				"down": {"uv": [5.75, 0.5, 5.5, 0.75], "texture": "#7"}
			}
		},
		{
			"from": [10.32892, 25.34881, 7.875],
			"to": [14.35392, 27.72381, 8.125],
			"rotation": {"angle": 0, "axis": "y", "origin": [16.87892, 24.84881, 8]},
			"faces": {
				"north": {"uv": [2.5, 1.25, 3.5, 1.875], "texture": "#7"},
				"east": {"uv": [4.5, 7, 4.5625, 7.625], "texture": "#7"},
				"south": {"uv": [2.75, 2, 3.75, 2.625], "texture": "#7"},
				"west": {"uv": [4.75, 7, 4.8125, 7.625], "texture": "#7"},
				"up": {"uv": [7.75, 3.0625, 6.75, 3], "texture": "#7"},
				"down": {"uv": [7.75, 4.5, 6.75, 4.5625], "texture": "#7"}
			}
		},
		{
			"from": [14.35392, 25.34881, 7.875],
			"to": [16.87892, 27.74881, 8.125],
			"rotation": {"angle": 0, "axis": "y", "origin": [16.87892, 24.84881, 8]},
			"faces": {
				"north": {"uv": [3.75, 4, 4.375, 4.625], "texture": "#7"},
				"east": {"uv": [5, 7, 5.0625, 7.625], "texture": "#7"},
				"south": {"uv": [0, 4.25, 0.625, 4.875], "texture": "#7"},
				"west": {"uv": [5.25, 7, 5.3125, 7.625], "texture": "#7"},
				"up": {"uv": [7.625, 3.5625, 7, 3.5], "texture": "#7"},
				"down": {"uv": [7.625, 4, 7, 4.0625], "texture": "#7"}
			}
		},
		{
			"from": [16.87892, 24.69881, 7.875],
			"to": [18.77892, 26.72381, 8.125],
			"rotation": {"angle": 0, "axis": "y", "origin": [16.87892, 24.84881, 8]},
			"faces": {
				"north": {"uv": [5, 4.5, 5.5, 5], "texture": "#7"},
				"east": {"uv": [7, 7.25, 7.0625, 7.75], "texture": "#7"},
				"south": {"uv": [5.25, 2.25, 5.75, 2.75], "texture": "#7"},
				"west": {"uv": [7.25, 7, 7.3125, 7.5], "texture": "#7"},
				"up": {"uv": [8, 0.0625, 7.5, 0], "texture": "#7"},
				"down": {"uv": [8, 0.25, 7.5, 0.3125], "texture": "#7"}
			}
		},
		{
			"from": [18.77892, 23.89881, 7.875],
			"to": [20.07892, 25.42381, 8.125],
			"rotation": {"angle": 0, "axis": "y", "origin": [16.87892, 24.84881, 8]},
			"faces": {
				"north": {"uv": [5.75, 6.25, 6.0625, 6.625], "texture": "#7"},
				"east": {"uv": [7.5, 6, 7.5625, 6.375], "texture": "#7"},
				"south": {"uv": [6.25, 5.75, 6.5625, 6.125], "texture": "#7"},
				"west": {"uv": [6.5, 7.5, 6.5625, 7.875], "texture": "#7"},
				"up": {"uv": [8.0625, 1.0625, 7.75, 1], "texture": "#7"},
				"down": {"uv": [1.5625, 7.75, 1.25, 7.8125], "texture": "#7"}
			}
		},
		{
			"from": [10.32892, 25.34881, 7.875],
			"to": [14.35392, 27.72381, 8.125],
			"rotation": {"angle": 0, "axis": "y", "origin": [16.87892, 24.84881, 8]},
			"faces": {
				"north": {"uv": [2.75, 2.75, 3.75, 3.375], "texture": "#7"},
				"east": {"uv": [5.5, 7, 5.5625, 7.625], "texture": "#7"},
				"south": {"uv": [3.25, 0, 4.25, 0.625], "texture": "#7"},
				"west": {"uv": [5.75, 7, 5.8125, 7.625], "texture": "#7"},
				"up": {"uv": [5.75, 6.8125, 4.75, 6.75], "texture": "#7"},
				"down": {"uv": [7.75, 4.75, 6.75, 4.8125], "texture": "#7"}
			}
		},
		{
			"from": [14.35392, 25.34881, 7.875],
			"to": [16.87892, 27.74881, 8.125],
			"rotation": {"angle": 0, "axis": "y", "origin": [16.87892, 24.84881, 8]},
			"faces": {
				"north": {"uv": [4.25, 0, 4.875, 0.625], "texture": "#7"},
				"east": {"uv": [7, 5.75, 7.0625, 6.375], "texture": "#7"},
				"south": {"uv": [0.75, 4.25, 1.375, 4.875], "texture": "#7"},
				"west": {"uv": [5.5, 7, 5.5625, 7.625], "texture": "#7"},
				"up": {"uv": [7.625, 4.3125, 7, 4.25], "texture": "#7"},
				"down": {"uv": [7.625, 5, 7, 5.0625], "texture": "#7"}
			}
		},
		{
			"from": [16.87892, 24.69881, 7.875],
			"to": [18.77892, 26.72381, 8.125],
			"rotation": {"angle": 0, "axis": "y", "origin": [16.87892, 24.84881, 8]},
			"faces": {
				"north": {"uv": [4.5, 5.25, 5, 5.75], "texture": "#7"},
				"east": {"uv": [0.5, 7.5, 0.5625, 8], "texture": "#7"},
				"south": {"uv": [5, 5.25, 5.5, 5.75], "texture": "#7"},
				"west": {"uv": [7, 5.75, 7.0625, 6.375], "texture": "#7"},
				"up": {"uv": [1.25, 7.8125, 1.5625, 7.75], "texture": "#7"},
				"down": {"uv": [8, 0.5, 7.5, 0.5625], "texture": "#7"}
			}
		},
		{
			"from": [18.77892, 23.89881, 7.875],
			"to": [20.07892, 25.42381, 8.125],
			"rotation": {"angle": 0, "axis": "y", "origin": [16.87892, 24.84881, 8]},
			"faces": {
				"north": {"uv": [5.75, 6.25, 6.0625, 6.625], "texture": "#7"},
				"east": {"uv": [7.5, 6, 7.5625, 6.375], "texture": "#7"},
				"south": {"uv": [6.25, 5.75, 6.5625, 6.125], "texture": "#7"},
				"west": {"uv": [6.5, 7.5, 6.5625, 7.875], "texture": "#7"},
				"up": {"uv": [7.75, 1.0625, 8.0625, 1], "texture": "#7"},
				"down": {"uv": [1.25, 7.75, 1.5625, 7.8125], "texture": "#7"}
			}
		},
		{
			"from": [-0.57892, 23.89881, 7.875],
			"to": [0.72108, 25.42381, 8.125],
			"rotation": {"angle": 0, "axis": "y", "origin": [2.62108, 24.84881, 8]},
			"faces": {
				"north": {"uv": [6.25, 6.25, 6.5625, 6.625], "texture": "#7"},
				"east": {"uv": [7.5, 6.5, 7.5625, 6.875], "texture": "#7"},
				"south": {"uv": [0, 6.5, 0.3125, 6.875], "texture": "#7"},
				"west": {"uv": [6.75, 7.5, 6.8125, 7.875], "texture": "#7"},
				"up": {"uv": [8.0625, 1.3125, 7.75, 1.25], "texture": "#7"},
				"down": {"uv": [8.0625, 1.5, 7.75, 1.5625], "texture": "#7"}
			}
		},
		{
			"from": [0.72108, 24.69881, 7.875],
			"to": [2.62108, 26.72381, 8.125],
			"rotation": {"angle": 0, "axis": "y", "origin": [2.62108, 24.84881, 8]},
			"faces": {
				"north": {"uv": [5.5, 0, 6, 0.5], "texture": "#7"},
				"east": {"uv": [0.75, 7.5, 0.8125, 8], "texture": "#7"},
				"south": {"uv": [5.5, 3.25, 6, 3.75], "texture": "#7"},
				"west": {"uv": [1, 7.5, 1.0625, 8], "texture": "#7"},
				"up": {"uv": [8, 0.8125, 7.5, 0.75], "texture": "#7"},
				"down": {"uv": [1.75, 7.5, 1.25, 7.5625], "texture": "#7"}
			}
		},
		{
			"from": [2.62108, 25.34881, 7.875],
			"to": [5.14608, 27.74881, 8.125],
			"rotation": {"angle": 0, "axis": "y", "origin": [2.62108, 24.84881, 8]},
			"faces": {
				"north": {"uv": [1.5, 4.25, 2.125, 4.875], "texture": "#7"},
				"east": {"uv": [6, 7, 6.0625, 7.625], "texture": "#7"},
				"south": {"uv": [2.25, 4.25, 2.875, 4.875], "texture": "#7"},
				"west": {"uv": [6.25, 7, 6.3125, 7.625], "texture": "#7"},
				"up": {"uv": [7.625, 5.3125, 7, 5.25], "texture": "#7"},
				"down": {"uv": [7.125, 7, 6.5, 7.0625], "texture": "#7"}
			}
		},
		{
			"from": [5.14608, 25.34881, 7.875],
			"to": [8.69608, 27.72381, 8.125],
			"rotation": {"angle": 0, "axis": "y", "origin": [2.62108, 24.84881, 8]},
			"faces": {
				"north": {"uv": [3.5, 0.75, 4.375, 1.375], "texture": "#7"},
				"east": {"uv": [0, 7.25, 0.0625, 7.875], "texture": "#7"},
				"south": {"uv": [2, 3.5, 2.875, 4.125], "texture": "#7"},
				"west": {"uv": [4.5, 7, 4.5625, 7.625], "texture": "#7"},
				"up": {"uv": [7.875, 1.8125, 7, 1.75], "texture": "#7"},
				"down": {"uv": [7.875, 2, 7, 2.0625], "texture": "#7"}
			}
		},
		{
			"from": [9.90711, 23.20711, 6.725],
			"to": [10.48211, 27.20711, 6.95],
			"rotation": {"angle": 0, "axis": "y", "origin": [10.24461, 25.20711, 6.8375]},
			"faces": {
				"north": {"uv": [1, 6.25, 1.125, 7.25], "texture": "#7"},
				"east": {"uv": [1, 6.25, 1.125, 7.25], "texture": "#7"},
				"south": {"uv": [6.25, 1, 6.375, 2], "texture": "#7"},
				"west": {"uv": [1, 6.25, 1.125, 7.25], "texture": "#7"},
				"up": {"uv": [7.875, 6.8125, 7.75, 6.75], "texture": "#7"},
				"down": {"uv": [7.875, 6.75, 7.75, 6.8125], "texture": "#7"}
			}
		},
		{
			"from": [8.30711, 23.20711, 6.725],
			"to": [8.88211, 27.20711, 6.95],
			"rotation": {"angle": 0, "axis": "y", "origin": [8.54461, 25.20711, 6.8375]},
			"faces": {
				"north": {"uv": [1, 6.25, 1.125, 7.25], "texture": "#7"},
				"east": {"uv": [1, 6.25, 1.125, 7.25], "texture": "#7"},
				"south": {"uv": [6.25, 1, 6.375, 2], "texture": "#7"},
				"west": {"uv": [1, 6.25, 1.125, 7.25], "texture": "#7"},
				"up": {"uv": [7.875, 6.8125, 7.75, 6.75], "texture": "#7"},
				"down": {"uv": [7.875, 6.75, 7.75, 6.8125], "texture": "#7"}
			}
		},
		{
			"from": [7.99006, 27.14168, 6.8],
			"to": [8.56506, 28.21668, 6.95],
			"rotation": {"angle": -45, "axis": "z", "origin": [8.22756, 26.79168, 6.8375]},
			"faces": {
				"north": {"uv": [7.5, 1.25, 7.625, 1.5], "texture": "#7"},
				"east": {"uv": [7.5, 1.25, 7.625, 1.5], "texture": "#7"},
				"south": {"uv": [7.5, 1.5, 7.625, 1.75], "texture": "#7"},
				"west": {"uv": [7.5, 1.25, 7.625, 1.5], "texture": "#7"},
				"up": {"uv": [7.125, 7.8125, 7, 7.75], "texture": "#7"},
				"down": {"uv": [7.125, 7.75, 7, 7.8125], "texture": "#7"}
			}
		},
		{
			"from": [8.96904, 22.71742, 6.75],
			"to": [9.54404, 23.79242, 6.95],
			"rotation": {"angle": -45, "axis": "z", "origin": [9.30654, 22.36742, 6.8375]},
			"faces": {
				"north": {"uv": [7.5, 1.25, 7.625, 1.5], "texture": "#7"},
				"east": {"uv": [7.5, 1.25, 7.625, 1.5], "texture": "#7"},
				"south": {"uv": [7.5, 1.5, 7.625, 1.75], "texture": "#7"},
				"west": {"uv": [7.5, 1.25, 7.625, 1.5], "texture": "#7"},
				"up": {"uv": [7.125, 7.8125, 7, 7.75], "texture": "#7"},
				"down": {"uv": [7.125, 7.75, 7, 7.8125], "texture": "#7"}
			}
		},
		{
			"from": [10.22416, 27.14168, 6.75],
			"to": [10.79916, 28.66668, 6.95],
			"rotation": {"angle": 45, "axis": "z", "origin": [10.56166, 26.79168, 6.8375]},
			"faces": {
				"north": {"uv": [7.5, 1.25, 7.625, 1.5], "texture": "#7"},
				"east": {"uv": [7.5, 1.25, 7.625, 1.5], "texture": "#7"},
				"south": {"uv": [7.5, 1.5, 7.625, 1.75], "texture": "#7"},
				"west": {"uv": [7.5, 1.25, 7.625, 1.5], "texture": "#7"},
				"up": {"uv": [7.625, 1.5, 7.5, 1.25], "texture": "#7"},
				"down": {"uv": [7.125, 7.75, 7, 7.8125], "texture": "#7"}
			}
		},
		{
			"from": [9.56337, 22.39922, 6.775],
			"to": [10.13837, 23.92422, 6.95],
			"rotation": {"angle": 45, "axis": "z", "origin": [9.80087, 22.04922, 6.8375]},
			"faces": {
				"north": {"uv": [7.5, 1.25, 7.625, 1.5], "texture": "#7"},
				"east": {"uv": [7.5, 1.5, 7.625, 1.75], "texture": "#7"},
				"south": {"uv": [7.5, 1.5, 7.625, 1.75], "texture": "#7"},
				"west": {"uv": [7.5, 1.25, 7.625, 1.5], "texture": "#7"},
				"up": {"uv": [7.125, 7.8125, 7, 7.75], "texture": "#7"},
				"down": {"uv": [7.625, 1.25, 7.5, 1.5], "texture": "#7"}
			}
		},
		{
			"from": [9.90711, 23.20711, 9.05],
			"to": [10.48211, 27.20711, 9.275],
			"rotation": {"angle": 0, "axis": "y", "origin": [10.24461, 25.20711, 9.1625]},
			"faces": {
				"north": {"uv": [6.25, 1, 6.375, 2], "texture": "#7"},
				"east": {"uv": [1, 6.25, 1.125, 7.25], "texture": "#7"},
				"south": {"uv": [1, 6.25, 1.125, 7.25], "texture": "#7"},
				"west": {"uv": [1, 6.25, 1.125, 7.25], "texture": "#7"},
				"up": {"uv": [7.875, 6.8125, 7.75, 6.75], "texture": "#7"},
				"down": {"uv": [7.875, 6.75, 7.75, 6.8125], "texture": "#7"}
			}
		},
		{
			"from": [8.30711, 23.20711, 9.05],
			"to": [8.88211, 27.20711, 9.275],
			"rotation": {"angle": 0, "axis": "y", "origin": [8.54461, 25.20711, 9.1625]},
			"faces": {
				"north": {"uv": [6.25, 1, 6.375, 2], "texture": "#7"},
				"east": {"uv": [1, 6.25, 1.125, 7.25], "texture": "#7"},
				"south": {"uv": [1, 6.25, 1.125, 7.25], "texture": "#7"},
				"west": {"uv": [1, 6.25, 1.125, 7.25], "texture": "#7"},
				"up": {"uv": [7.875, 6.8125, 7.75, 6.75], "texture": "#7"},
				"down": {"uv": [7.875, 6.75, 7.75, 6.8125], "texture": "#7"}
			}
		},
		{
			"from": [7.99006, 27.14168, 9.05],
			"to": [8.56506, 28.21668, 9.225],
			"rotation": {"angle": -45, "axis": "z", "origin": [8.22756, 26.79168, 9.1625]},
			"faces": {
				"north": {"uv": [7.5, 1.5, 7.625, 1.75], "texture": "#7"},
				"east": {"uv": [7.5, 1.25, 7.625, 1.5], "texture": "#7"},
				"south": {"uv": [7.5, 1.25, 7.625, 1.5], "texture": "#7"},
				"west": {"uv": [7.5, 1.25, 7.625, 1.5], "texture": "#7"},
				"up": {"uv": [7.125, 7.8125, 7, 7.75], "texture": "#7"},
				"down": {"uv": [7.125, 7.75, 7, 7.8125], "texture": "#7"}
			}
		},
		{
			"from": [8.96904, 22.71742, 9.05],
			"to": [9.54404, 23.79242, 9.25],
			"rotation": {"angle": -45, "axis": "z", "origin": [9.30654, 22.36742, 9.1625]},
			"faces": {
				"north": {"uv": [7.5, 1.5, 7.625, 1.75], "texture": "#7"},
				"east": {"uv": [7.5, 1.25, 7.625, 1.5], "texture": "#7"},
				"south": {"uv": [7.5, 1.25, 7.625, 1.5], "texture": "#7"},
				"west": {"uv": [7.5, 1.25, 7.625, 1.5], "texture": "#7"},
				"up": {"uv": [7.125, 7.8125, 7, 7.75], "texture": "#7"},
				"down": {"uv": [7.125, 7.75, 7, 7.8125], "texture": "#7"}
			}
		},
		{
			"from": [10.22416, 27.14168, 9.05],
			"to": [10.79916, 28.66668, 9.25],
			"rotation": {"angle": 45, "axis": "z", "origin": [10.56166, 26.79168, 9.1625]},
			"faces": {
				"north": {"uv": [7.5, 1.5, 7.625, 1.75], "texture": "#7"},
				"east": {"uv": [7.5, 1.25, 7.625, 1.5], "texture": "#7"},
				"south": {"uv": [7.5, 1.25, 7.625, 1.5], "texture": "#7"},
				"west": {"uv": [7.5, 1.25, 7.625, 1.5], "texture": "#7"},
				"up": {"uv": [7.625, 1.5, 7.5, 1.25], "texture": "#7"},
				"down": {"uv": [7.125, 7.75, 7, 7.8125], "texture": "#7"}
			}
		},
		{
			"from": [9.56337, 22.39922, 9.05],
			"to": [10.13837, 23.92422, 9.225],
			"rotation": {"angle": 45, "axis": "z", "origin": [9.80087, 22.04922, 9.1625]},
			"faces": {
				"north": {"uv": [1.5, 7, 1.625, 7.375], "texture": "#7"},
				"east": {"uv": [7.5, 7, 7.5625, 7.375], "texture": "#7"},
				"south": {"uv": [7.5, 7, 7.5625, 7.375], "texture": "#7"},
				"west": {"uv": [7.5, 7, 7.5625, 7.375], "texture": "#7"},
				"up": {"uv": [7.875, 7.0625, 7.75, 7], "texture": "#7"},
				"down": {"uv": [7.5625, 7, 7.5, 7.375], "texture": "#7"}
			}
		},
		{
			"name": "inside",
			"from": [8.88211, 22.90711, 6.85],
			"to": [9.93211, 27.60711, 9.175],
			"rotation": {"angle": 0, "axis": "y", "origin": [8.54461, 25.23211, 8.7625]},
			"faces": {
				"north": {"uv": [4.25, 4.75, 4.5, 5.9375], "texture": "#7"},
				"east": {"uv": [2, 2, 2.5625, 3.1875], "texture": "#7"},
				"south": {"uv": [1, 5, 1.25, 6.1875], "texture": "#7"},
				"west": {"uv": [2.5, 0, 3.0625, 1.1875], "texture": "#7"},
				"up": {"uv": [3, 6.5625, 2.75, 6], "texture": "#7"},
				"down": {"uv": [4.5, 6, 4.25, 6.5625], "texture": "#7"}
			}
		},
		{
			"name": "Base",
			"from": [8.15711, 21.73211, 6.95],
			"to": [8.86421, 29.45711, 9.05],
			"rotation": {"angle": 0, "axis": "y", "origin": [11.20711, 26.20711, 8]},
			"faces": {
				"north": {"uv": [0.5, 0.4375, 0.6875, 2.375], "texture": "#7"},
				"east": {"uv": [1.5, 0, 2, 1.9375], "texture": "#7"},
				"south": {"uv": [0.75, 1.4375, 0.9375, 3.375], "texture": "#7"},
				"west": {"uv": [0.5, 0, 1, 1.9375], "texture": "#7"},
				"up": {"uv": [2.6875, 7, 2.5, 6.5], "texture": "#7"},
				"down": {"uv": [4.1875, 6.5, 4, 7], "texture": "#7"}
			}
		},
		{
			"name": "Base",
			"from": [8.86421, 21.73211, 6.95],
			"to": [9.89632, 22.93921, 9.05],
			"rotation": {"angle": 0, "axis": "y", "origin": [11.20711, 26.20711, 8]},
			"faces": {
				"north": {"uv": [0.4375, 2.0625, 0.6875, 2.375], "texture": "#7"},
				"east": {"uv": [6, 0, 6.5, 0.3125], "texture": "#7"},
				"south": {"uv": [0.4375, 1.75, 0.6875, 2.0625], "texture": "#7"},
				"west": {"uv": [1.75, 6, 2.25, 6.3125], "texture": "#7"},
				"up": {"uv": [3.5, 1.25, 3.25, 0.75], "texture": "#7"},
				"down": {"uv": [3.75, 1.5, 3.5, 2], "texture": "#7"}
			}
		},
		{
			"name": "Base",
			"from": [9.89632, 21.73211, 6.95],
			"to": [10.63211, 29.45711, 9.05],
			"rotation": {"angle": 0, "axis": "y", "origin": [11.20711, 26.20711, 8]},
			"faces": {
				"north": {"uv": [0.75, 1.125, 0.9375, 3.0625], "texture": "#7"},
				"east": {"uv": [0.25, 0.625, 0.75, 2.5625], "texture": "#7"},
				"south": {"uv": [0.5, 1.0625, 0.6875, 3], "texture": "#7"},
				"west": {"uv": [1.5, 2, 2, 3.9375], "texture": "#7"},
				"up": {"uv": [4.6875, 7, 4.5, 6.5], "texture": "#7"},
				"down": {"uv": [6.6875, 4.5, 6.5, 5], "texture": "#7"}
			}
		},
		{
			"name": "Base",
			"from": [8.86421, 27.47132, 6.95],
			"to": [9.89632, 29.45711, 9.05],
			"rotation": {"angle": 0, "axis": "y", "origin": [11.20711, 26.20711, 8]},
			"faces": {
				"north": {"uv": [6.25, 2, 6.5, 2.5], "texture": "#7"},
				"east": {"uv": [5.5, 4.5, 6, 5], "texture": "#7"},
				"south": {"uv": [6.25, 2.5, 6.5, 3], "texture": "#7"},
				"west": {"uv": [5.5, 5.25, 6, 5.75], "texture": "#7"},
				"up": {"uv": [3.5, 1.25, 3.25, 0.75], "texture": "#7"},
				"down": {"uv": [6.5, 4, 6.25, 4.5], "texture": "#7"}
			}
		},
		{
			"name": "Base",
			"from": [9.91421, 26.97132, 6.95],
			"to": [10.07132, 28.33211, 9.05],
			"rotation": {"angle": -45, "axis": "z", "origin": [9.38027, 28.45171, 8]},
			"faces": {
				"north": {"uv": [0.25, 7.75, 0.3125, 8.0625], "texture": "#7"},
				"east": {"uv": [6, 3.25, 6.5, 3.5625], "texture": "#7"},
				"south": {"uv": [2.25, 7.75, 2.3125, 8.0625], "texture": "#7"},
				"west": {"uv": [6, 4.5, 6.5, 4.8125], "texture": "#7"},
				"up": {"uv": [1.8125, 8, 1.75, 7.5], "texture": "#7"},
				"down": {"uv": [2.0625, 7.5, 2, 8], "texture": "#7"}
			}
		},
		{
			"name": "Base",
			"from": [10.21421, 22.49632, 6.95],
			"to": [10.37132, 23.85711, 9.05],
			"rotation": {"angle": -45, "axis": "z", "origin": [9.68027, 23.97671, 8]},
			"faces": {
				"north": {"uv": [0.25, 7.75, 0.3125, 8.0625], "texture": "#7"},
				"east": {"uv": [6, 3.25, 6.5, 3.5625], "texture": "#7"},
				"south": {"uv": [7.75, 2.25, 7.8125, 2.5625], "texture": "#7"},
				"west": {"uv": [6, 4.5, 6.5, 4.8125], "texture": "#7"},
				"up": {"uv": [1.8125, 8, 1.75, 7.5], "texture": "#7"},
				"down": {"uv": [2.0625, 7.5, 2, 8], "texture": "#7"}
			}
		},
		{
			"name": "Base",
			"from": [8.86729, 27.37437, 6.95],
			"to": [10.22808, 27.53148, 9.05],
			"rotation": {"angle": -45, "axis": "z", "origin": [9.54768, 27.45293, 8]},
			"faces": {
				"north": {"uv": [0.25, 7.75, 0.3125, 8.0625], "texture": "#7"},
				"east": {"uv": [1.75, 7.5, 1.8125, 8], "texture": "#7"},
				"south": {"uv": [2.5, 7.75, 2.8125, 7.8125], "texture": "#7"},
				"west": {"uv": [2.25, 7.5, 2.75, 7.5625], "texture": "#7"},
				"up": {"uv": [6.5, 4.8125, 6, 4.5], "texture": "#7"},
				"down": {"uv": [6.5, 3.25, 6, 3.5625], "texture": "#7"}
			}
		},
		{
			"name": "Base",
			"from": [8.39229, 23.04937, 6.95],
			"to": [9.75308, 23.20648, 9.05],
			"rotation": {"angle": -45, "axis": "z", "origin": [9.07268, 23.12793, 8]},
			"faces": {
				"north": {"uv": [0.25, 7.75, 0.3125, 8.0625], "texture": "#7"},
				"east": {"uv": [1.75, 7.5, 1.8125, 8], "texture": "#7"},
				"south": {"uv": [7.75, 2.75, 8.0625, 2.8125], "texture": "#7"},
				"west": {"uv": [2.25, 7.5, 2.75, 7.5625], "texture": "#7"},
				"up": {"uv": [6.5, 4.8125, 6, 4.5], "texture": "#7"},
				"down": {"uv": [6.3125, 5, 6, 5.5], "texture": "#7"}
			}
		},
		{
			"name": "Base",
			"from": [8.33211, 27.63211, 7.15],
			"to": [9.55711, 29.90711, 7.9],
			"rotation": {"angle": -22.5, "axis": "z", "origin": [9.70711, 25.20711, 8]},
			"faces": {
				"north": {"uv": [0.5, 6, 0.8125, 6.5625], "texture": "#7"},
				"east": {"uv": [6.5, 1.5, 6.6875, 2.0625], "texture": "#7"},
				"south": {"uv": [1.25, 6, 1.5625, 6.5625], "texture": "#7"},
				"west": {"uv": [1.75, 6.5, 1.9375, 7.0625], "texture": "#7"},
				"up": {"uv": [0.3125, 7.1875, 0, 7], "texture": "#7"},
				"down": {"uv": [7.3125, 0, 7, 0.1875], "texture": "#7"}
			}
		},
		{
			"name": "Base",
			"from": [8.08211, 28.88211, 7],
			"to": [9.30711, 30.15711, 7.6],
			"rotation": {"angle": 0, "axis": "y", "origin": [9.45711, 25.20711, 8]},
			"faces": {
				"north": {"uv": [3, 6.5, 3.3125, 6.8125], "texture": "#7"},
				"east": {"uv": [7, 6.5, 7.125, 6.8125], "texture": "#7"},
				"south": {"uv": [6.5, 3.25, 6.8125, 3.5625], "texture": "#7"},
				"west": {"uv": [0.25, 7.25, 0.375, 7.5625], "texture": "#7"},
				"up": {"uv": [0.8125, 7.375, 0.5, 7.25], "texture": "#7"},
				"down": {"uv": [7.5625, 1, 7.25, 1.125], "texture": "#7"}
			}
		},
		{
			"name": "Base",
			"from": [7.82629, 27.64321, 6.9],
			"to": [9.22629, 30.34321, 7.2],
			"rotation": {"angle": 45, "axis": "z", "origin": [8.66379, 28.90571, 8]},
			"faces": {
				"north": {"uv": [5.25, 0.75, 5.625, 1.4375], "texture": "#7"},
				"east": {"uv": [4, 7, 4.0625, 7.6875], "texture": "#7"},
				"south": {"uv": [5.25, 1.5, 5.625, 2.1875], "texture": "#7"},
				"west": {"uv": [4.25, 7, 4.3125, 7.6875], "texture": "#7"},
				"up": {"uv": [7.875, 3.8125, 7.5, 3.75], "texture": "#7"},
				"down": {"uv": [7.625, 7.5, 7.25, 7.5625], "texture": "#7"}
			}
		},
		{
			"name": "Base",
			"from": [7.82629, 27.64321, 7.2],
			"to": [9.22629, 30.66821, 8.1],
			"rotation": {"angle": 45, "axis": "z", "origin": [8.66379, 28.90571, 8]},
			"faces": {
				"north": {"uv": [5, 0, 5.375, 0.75], "texture": "#7"},
				"east": {"uv": [2.5, 5.75, 2.75, 6.5], "texture": "#7"},
				"south": {"uv": [2.25, 5, 2.625, 5.75], "texture": "#7"},
				"west": {"uv": [5.5, 5.75, 5.75, 6.5], "texture": "#7"},
				"up": {"uv": [2.375, 3.5, 2, 3.25], "texture": "#7"},
				"down": {"uv": [5.125, 6.5, 4.75, 6.75], "texture": "#7"}
			}
		},
		{
			"name": "Base",
			"from": [7.82629, 27.64321, 8.1],
			"to": [9.22629, 30.21821, 8.7],
			"rotation": {"angle": 45, "axis": "z", "origin": [8.66379, 28.90571, 8]},
			"faces": {
				"north": {"uv": [5.75, 0.5, 6.125, 1.125], "texture": "#7"},
				"east": {"uv": [6.75, 2.25, 6.875, 2.875], "texture": "#7"},
				"south": {"uv": [5.75, 1.25, 6.125, 1.875], "texture": "#7"},
				"west": {"uv": [2.75, 6.75, 2.875, 7.375], "texture": "#7"},
				"up": {"uv": [7.375, 2.375, 7, 2.25], "texture": "#7"},
				"down": {"uv": [7.375, 2.5, 7, 2.625], "texture": "#7"}
			}
		},
		{
			"name": "Base",
			"from": [9.07629, 27.16821, 6.875],
			"to": [10.47629, 30.66821, 7.925],
			"rotation": {"angle": 0, "axis": "y", "origin": [9.91379, 28.90571, 8]},
			"faces": {
				"north": {"uv": [4.75, 1.75, 5.125, 2.625], "texture": "#7"},
				"east": {"uv": [2.75, 5, 3, 5.875], "texture": "#7"},
				"south": {"uv": [3.75, 4.75, 4.125, 5.625], "texture": "#7"},
				"west": {"uv": [2.25, 5.75, 2.5, 6.625], "texture": "#7"},
				"up": {"uv": [6.875, 5.25, 6.5, 5], "texture": "#7"},
				"down": {"uv": [5.625, 6.5, 5.25, 6.75], "texture": "#7"}
			}
		},
		{
			"name": "Base",
			"from": [9.07629, 27.11821, 7.925],
			"to": [10.47629, 30.86821, 9.1],
			"rotation": {"angle": 0, "axis": "y", "origin": [9.91379, 28.90571, 8]},
			"faces": {
				"north": {"uv": [4.5, 4, 4.875, 4.9375], "texture": "#7"},
				"east": {"uv": [1.25, 5, 1.5625, 5.9375], "texture": "#7"},
				"south": {"uv": [4.75, 0.75, 5.125, 1.6875], "texture": "#7"},
				"west": {"uv": [1.75, 5, 2.0625, 5.9375], "texture": "#7"},
				"up": {"uv": [6.875, 0.3125, 6.5, 0], "texture": "#7"},
				"down": {"uv": [6.875, 1, 6.5, 1.3125], "texture": "#7"}
			}
		},
		{
			"name": "Base",
			"from": [10.99864, 28.05454, 7.175],
			"to": [11.84864, 28.90454, 7.875],
			"rotation": {"angle": 22.5, "axis": "z", "origin": [7.74864, 27.62954, 8]},
			"faces": {
				"north": {"uv": [1, 7.25, 1.1875, 7.4375], "texture": "#7"},
				"east": {"uv": [7.25, 1.25, 7.4375, 1.4375], "texture": "#7"},
				"south": {"uv": [7.25, 1.5, 7.4375, 1.6875], "texture": "#7"},
				"west": {"uv": [1.75, 7.25, 1.9375, 7.4375], "texture": "#7"},
				"up": {"uv": [2.4375, 7.4375, 2.25, 7.25], "texture": "#7"},
				"down": {"uv": [2.6875, 7.25, 2.5, 7.4375], "texture": "#7"}
			}
		},
		{
			"name": "Base",
			"from": [11.07364, 28.30454, 7.925],
			"to": [11.92364, 29.15454, 9.05],
			"rotation": {"angle": 22.5, "axis": "z", "origin": [7.82364, 27.87954, 8]},
			"faces": {
				"north": {"uv": [1, 7.25, 1.1875, 7.4375], "texture": "#7"},
				"east": {"uv": [7, 0.25, 7.3125, 0.4375], "texture": "#7"},
				"south": {"uv": [7.25, 1.5, 7.4375, 1.6875], "texture": "#7"},
				"west": {"uv": [0.5, 7, 0.8125, 7.1875], "texture": "#7"},
				"up": {"uv": [7.1875, 1.3125, 7, 1], "texture": "#7"},
				"down": {"uv": [1.4375, 7, 1.25, 7.3125], "texture": "#7"}
			}
		},
		{
			"name": "Base",
			"from": [9.93557, 27.38245, 6.975],
			"to": [10.78557, 28.23245, 7.625],
			"rotation": {"angle": 45, "axis": "z", "origin": [6.68557, 26.95745, 8]},
			"faces": {
				"north": {"uv": [7.25, 2.75, 7.4375, 2.9375], "texture": "#7"},
				"east": {"uv": [7.25, 2.75, 7.4375, 2.9375], "texture": "#7"},
				"south": {"uv": [3, 7.25, 3.1875, 7.4375], "texture": "#7"},
				"west": {"uv": [3, 7.25, 3.1875, 7.4375], "texture": "#7"},
				"up": {"uv": [7.4375, 2.9375, 7.25, 2.75], "texture": "#7"},
				"down": {"uv": [3.1875, 7.25, 3, 7.4375], "texture": "#7"}
			}
		},
		{
			"name": "Base",
			"from": [9.93557, 27.45745, 8.225],
			"to": [10.78557, 28.30745, 8.95],
			"rotation": {"angle": 45, "axis": "z", "origin": [6.68557, 27.03245, 9.2]},
			"faces": {
				"north": {"uv": [3.25, 7.25, 3.4375, 7.4375], "texture": "#7"},
				"east": {"uv": [3.5, 7.25, 3.6875, 7.4375], "texture": "#7"},
				"south": {"uv": [3.5, 7.25, 3.6875, 7.4375], "texture": "#7"},
				"west": {"uv": [3.25, 7.25, 3.4375, 7.4375], "texture": "#7"},
				"up": {"uv": [3.6875, 7.4375, 3.5, 7.25], "texture": "#7"},
				"down": {"uv": [3.4375, 7.25, 3.25, 7.4375], "texture": "#7"}
			}
		},
		{
			"name": "Base",
			"from": [8.08211, 28.88211, 8.2],
			"to": [9.30711, 30.15711, 8.975],
			"rotation": {"angle": 0, "axis": "y", "origin": [9.45711, 25.20711, 9.2]},
			"faces": {
				"north": {"uv": [3, 6.5, 3.3125, 6.8125], "texture": "#7"},
				"east": {"uv": [7, 6.5, 7.125, 6.8125], "texture": "#7"},
				"south": {"uv": [6.5, 3.25, 6.8125, 3.5625], "texture": "#7"},
				"west": {"uv": [0.25, 7.25, 0.375, 7.5625], "texture": "#7"},
				"up": {"uv": [0.5, 7.375, 0.8125, 7.25], "texture": "#7"},
				"down": {"uv": [7.25, 1, 7.5625, 1.125], "texture": "#7"}
			}
		},
		{
			"name": "Base",
			"from": [9.93557, 27.88245, 7.625],
			"to": [10.78557, 28.73245, 8.175],
			"rotation": {"angle": 45, "axis": "z", "origin": [6.68557, 27.45745, 8.6]},
			"faces": {
				"north": {"uv": [3.5, 7.25, 3.6875, 7.4375], "texture": "#7"},
				"east": {"uv": [3.5, 7.25, 3.6875, 7.4375], "texture": "#7"},
				"south": {"uv": [3.5, 7.25, 3.6875, 7.4375], "texture": "#7"},
				"west": {"uv": [3.25, 7.25, 3.4375, 7.4375], "texture": "#7"},
				"up": {"uv": [3.6875, 7.4375, 3.5, 7.25], "texture": "#7"},
				"down": {"uv": [3.4375, 7.25, 3.25, 7.4375], "texture": "#7"}
			}
		},
		{
			"name": "Base",
			"from": [8.08211, 28.88211, 7.6],
			"to": [9.30711, 30.65711, 8.2],
			"rotation": {"angle": 0, "axis": "y", "origin": [9.45711, 25.20711, 8.6]},
			"faces": {
				"north": {"uv": [3, 6.5, 3.3125, 6.8125], "texture": "#7"},
				"east": {"uv": [7, 6.5, 7.125, 6.8125], "texture": "#7"},
				"south": {"uv": [6.5, 3.25, 6.8125, 3.5625], "texture": "#7"},
				"west": {"uv": [0.25, 7.25, 0.375, 7.5625], "texture": "#7"},
				"up": {"uv": [0.5, 7.375, 0.8125, 7.25], "texture": "#7"},
				"down": {"uv": [7.25, 1, 7.5625, 1.125], "texture": "#7"}
			}
		},
		{
			"name": "Base",
			"from": [9.30233, 30.26821, 6.925],
			"to": [10.30233, 31.24321, 7.875],
			"rotation": {"angle": 45, "axis": "z", "origin": [9.90233, 30.66821, 8]},
			"faces": {
				"north": {"uv": [5.75, 5, 6, 5.25], "texture": "#7"},
				"east": {"uv": [6.25, 3, 6.5, 3.25], "texture": "#7"},
				"south": {"uv": [4.25, 6.75, 4.5, 7], "texture": "#7"},
				"west": {"uv": [5.75, 6.75, 6, 7], "texture": "#7"},
				"up": {"uv": [7, 6, 6.75, 5.75], "texture": "#7"},
				"down": {"uv": [6.25, 6.75, 6, 7], "texture": "#7"}
			}
		},
		{
			"name": "Base",
			"from": [9.30233, 30.46821, 7.95],
			"to": [10.30233, 31.44321, 9.075],
			"rotation": {"angle": 45, "axis": "z", "origin": [9.90233, 30.86821, 8]},
			"faces": {
				"north": {"uv": [5.75, 5, 6, 5.25], "texture": "#7"},
				"east": {"uv": [6.75, 6, 7, 6.25], "texture": "#7"},
				"south": {"uv": [4.25, 6.75, 4.5, 7], "texture": "#7"},
				"west": {"uv": [6.25, 6.75, 6.5, 7], "texture": "#7"},
				"up": {"uv": [7, 6.5, 6.75, 6.25], "texture": "#7"},
				"down": {"uv": [6.75, 6.75, 6.5, 7], "texture": "#7"}
			}
		},
		{
			"name": "Base",
			"from": [7.06527, 29.32473, 6.925],
			"to": [8.04027, 30.32473, 7.175],
			"rotation": {"angle": 0, "axis": "y", "origin": [7.64027, 29.92473, 8]},
			"faces": {
				"north": {"uv": [6.75, 6.5, 7, 6.75], "texture": "#7"},
				"east": {"uv": [3.25, 7.75, 3.3125, 8], "texture": "#7"},
				"south": {"uv": [6.75, 6.75, 7, 7], "texture": "#7"},
				"west": {"uv": [7.75, 3.25, 7.8125, 3.5], "texture": "#7"},
				"up": {"uv": [3.75, 7.8125, 3.5, 7.75], "texture": "#7"},
				"down": {"uv": [8, 3.5, 7.75, 3.5625], "texture": "#7"}
			}
		},
		{
			"name": "Base",
			"from": [6.84027, 29.54973, 7.225],
			"to": [7.81527, 30.54973, 8.075],
			"rotation": {"angle": 0, "axis": "y", "origin": [7.41527, 30.14973, 8]},
			"faces": {
				"north": {"uv": [6.75, 6.5, 7, 6.75], "texture": "#7"},
				"east": {"uv": [2.5, 7, 2.6875, 7.25], "texture": "#7"},
				"south": {"uv": [6.75, 6.75, 7, 7], "texture": "#7"},
				"west": {"uv": [7, 2.75, 7.1875, 3], "texture": "#7"},
				"up": {"uv": [3.25, 7.1875, 3, 7], "texture": "#7"},
				"down": {"uv": [3.5, 7, 3.25, 7.1875], "texture": "#7"}
			}
		},
		{
			"name": "Base",
			"from": [7.14027, 29.22473, 8.1],
			"to": [8.11527, 30.22473, 8.7],
			"rotation": {"angle": 0, "axis": "y", "origin": [7.71527, 29.82473, 8]},
			"faces": {
				"north": {"uv": [6.75, 6.5, 7, 6.75], "texture": "#7"},
				"east": {"uv": [7.5, 2.25, 7.625, 2.5], "texture": "#7"},
				"south": {"uv": [6.75, 6.75, 7, 7], "texture": "#7"},
				"west": {"uv": [7.5, 2.5, 7.625, 2.75], "texture": "#7"},
				"up": {"uv": [3, 7.625, 2.75, 7.5], "texture": "#7"},
				"down": {"uv": [7.75, 2.75, 7.5, 2.875], "texture": "#7"}
			}
		},
		{
			"name": "Base",
			"from": [7.82629, 27.64321, 8.7],
			"to": [9.22629, 30.91821, 9.125],
			"rotation": {"angle": 45, "axis": "z", "origin": [8.66379, 28.90571, 8]},
			"faces": {
				"north": {"uv": [0, 5, 0.375, 5.8125], "texture": "#7"},
				"east": {"uv": [2, 6.5, 2.125, 7.3125], "texture": "#7"},
				"south": {"uv": [0.5, 5, 0.875, 5.8125], "texture": "#7"},
				"west": {"uv": [6.5, 2.25, 6.625, 3.0625], "texture": "#7"},
				"up": {"uv": [7.375, 3.375, 7, 3.25], "texture": "#7"},
				"down": {"uv": [3.875, 7, 3.5, 7.125], "texture": "#7"}
			}
		},
		{
			"name": "Base",
			"from": [6.66527, 29.72473, 8.725],
			"to": [7.64027, 30.72473, 9.1],
			"rotation": {"angle": 0, "axis": "y", "origin": [7.24027, 30.32473, 8]},
			"faces": {
				"north": {"uv": [6.75, 6.5, 7, 6.75], "texture": "#7"},
				"east": {"uv": [3, 7.5, 3.125, 7.75], "texture": "#7"},
				"south": {"uv": [6.75, 6.75, 7, 7], "texture": "#7"},
				"west": {"uv": [3.25, 7.5, 3.375, 7.75], "texture": "#7"},
				"up": {"uv": [7.75, 3.375, 7.5, 3.25], "texture": "#7"},
				"down": {"uv": [3.75, 7.5, 3.5, 7.625], "texture": "#7"}
			}
		},
		{
			"name": "Base",
			"from": [8.33211, 27.63211, 7.9],
			"to": [9.55711, 30.15711, 9.075],
			"rotation": {"angle": -22.5, "axis": "z", "origin": [9.70711, 25.20711, 8]},
			"faces": {
				"north": {"uv": [5.75, 2, 6.0625, 2.625], "texture": "#7"},
				"east": {"uv": [3.75, 5.75, 4.0625, 6.375], "texture": "#7"},
				"south": {"uv": [4.5, 5.75, 4.8125, 6.375], "texture": "#7"},
				"west": {"uv": [5, 5.75, 5.3125, 6.375], "texture": "#7"},
				"up": {"uv": [3.8125, 6.8125, 3.5, 6.5], "texture": "#7"},
				"down": {"uv": [6.8125, 4, 6.5, 4.3125], "texture": "#7"}
			}
		},
		{
			"name": "Base",
			"from": [7.05711, 26.93211, 6],
			"to": [7.43211, 27.30711, 6.375],
			"rotation": {"angle": 0, "axis": "y", "origin": [8.00711, 31.40711, 6.925]},
			"faces": {
				"north": {"uv": [4, 7.75, 4.125, 7.875], "texture": "#7"},
				"east": {"uv": [4, 7.75, 4.125, 7.875], "texture": "#7"},
				"south": {"uv": [4, 7.75, 4.125, 7.875], "texture": "#7"},
				"west": {"uv": [4, 7.75, 4.125, 7.875], "texture": "#7"},
				"up": {"uv": [4.125, 7.875, 4, 7.75], "texture": "#7"},
				"down": {"uv": [4.125, 7.75, 4, 7.875], "texture": "#7"}
			}
		},
		{
			"name": "Base",
			"from": [10.25711, 22.73211, 5.95],
			"to": [10.63211, 23.10711, 6.325],
			"rotation": {"angle": 0, "axis": "y", "origin": [11.20711, 27.20711, 6.875]},
			"faces": {
				"north": {"uv": [7.75, 4, 7.875, 4.125], "texture": "#7"},
				"east": {"uv": [7.75, 4, 7.875, 4.125], "texture": "#7"},
				"south": {"uv": [4.25, 7.75, 4.375, 7.875], "texture": "#7"},
				"west": {"uv": [7.75, 4.25, 7.875, 4.375], "texture": "#7"},
				"up": {"uv": [4.625, 7.875, 4.5, 7.75], "texture": "#7"},
				"down": {"uv": [7.875, 4, 7.75, 4.125], "texture": "#7"}
			}
		},
		{
			"name": "Base",
			"from": [8.20711, 24.63211, 5.825],
			"to": [8.58211, 25.00711, 6.2],
			"rotation": {"angle": 0, "axis": "y", "origin": [9.15711, 29.10711, 6.75]},
			"faces": {
				"north": {"uv": [4, 7.75, 4.125, 7.875], "texture": "#7"},
				"east": {"uv": [4, 7.75, 4.125, 7.875], "texture": "#7"},
				"south": {"uv": [7.75, 4.5, 7.875, 4.625], "texture": "#7"},
				"west": {"uv": [4.75, 7.75, 4.875, 7.875], "texture": "#7"},
				"up": {"uv": [7.875, 4.875, 7.75, 4.75], "texture": "#7"},
				"down": {"uv": [4.125, 7.75, 4, 7.875], "texture": "#7"}
			}
		},
		{
			"name": "Base",
			"from": [8.88211, 25.25711, 5.825],
			"to": [9.25711, 25.63211, 6.2],
			"rotation": {"angle": 0, "axis": "y", "origin": [9.83211, 29.73211, 6.75]},
			"faces": {
				"north": {"uv": [4, 7.75, 4.125, 7.875], "texture": "#7"},
				"east": {"uv": [4, 7.75, 4.125, 7.875], "texture": "#7"},
				"south": {"uv": [4, 7.75, 4.125, 7.875], "texture": "#7"},
				"west": {"uv": [4, 7.75, 4.125, 7.875], "texture": "#7"},
				"up": {"uv": [4.125, 7.875, 4, 7.75], "texture": "#7"},
				"down": {"uv": [4.125, 7.75, 4, 7.875], "texture": "#7"}
			}
		},
		{
			"name": "Base",
			"from": [7.90711, 25.78211, 5.725],
			"to": [8.28211, 26.15711, 6.1],
			"rotation": {"angle": 0, "axis": "y", "origin": [8.85711, 30.25711, 6.65]},
			"faces": {
				"north": {"uv": [4, 7.75, 4.125, 7.875], "texture": "#7"},
				"east": {"uv": [4, 7.75, 4.125, 7.875], "texture": "#7"},
				"south": {"uv": [4, 7.75, 4.125, 7.875], "texture": "#7"},
				"west": {"uv": [4, 7.75, 4.125, 7.875], "texture": "#7"},
				"up": {"uv": [4.125, 7.875, 4, 7.75], "texture": "#7"},
				"down": {"uv": [4.125, 7.75, 4, 7.875], "texture": "#7"}
			}
		},
		{
			"name": "Base",
			"from": [7.25711, 25.53211, 6.05],
			"to": [7.63211, 25.90711, 6.425],
			"rotation": {"angle": 0, "axis": "y", "origin": [8.20711, 30.00711, 6.975]},
			"faces": {
				"north": {"uv": [7.75, 4, 7.875, 4.125], "texture": "#7"},
				"east": {"uv": [7.75, 4, 7.875, 4.125], "texture": "#7"},
				"south": {"uv": [7.75, 4, 7.875, 4.125], "texture": "#7"},
				"west": {"uv": [7.75, 4, 7.875, 4.125], "texture": "#7"},
				"up": {"uv": [7.875, 4.125, 7.75, 4], "texture": "#7"},
				"down": {"uv": [7.875, 4, 7.75, 4.125], "texture": "#7"}
			}
		},
		{
			"name": "Base",
			"from": [9.35711, 23.73211, 5.925],
			"to": [9.73211, 24.10711, 6.3],
			"rotation": {"angle": 0, "axis": "y", "origin": [10.30711, 28.20711, 6.85]},
			"faces": {
				"north": {"uv": [4, 7.75, 4.125, 7.875], "texture": "#7"},
				"east": {"uv": [4, 7.75, 4.125, 7.875], "texture": "#7"},
				"south": {"uv": [5, 7.75, 5.125, 7.875], "texture": "#7"},
				"west": {"uv": [7.75, 5, 7.875, 5.125], "texture": "#7"},
				"up": {"uv": [5.375, 7.875, 5.25, 7.75], "texture": "#7"},
				"down": {"uv": [4.125, 7.75, 4, 7.875], "texture": "#7"}
			}
		},
		{
			"name": "Base",
			"from": [6.43211, 27.00711, 6.525],
			"to": [6.80711, 27.38211, 6.9],
			"rotation": {"angle": 0, "axis": "y", "origin": [7.38211, 31.48211, 7.45]},
			"faces": {
				"north": {"uv": [4, 7.75, 4.125, 7.875], "texture": "#7"},
				"east": {"uv": [4, 7.75, 4.125, 7.875], "texture": "#7"},
				"south": {"uv": [4, 7.75, 4.125, 7.875], "texture": "#7"},
				"west": {"uv": [4, 7.75, 4.125, 7.875], "texture": "#7"},
				"up": {"uv": [4.125, 7.875, 4, 7.75], "texture": "#7"},
				"down": {"uv": [4.125, 7.75, 4, 7.875], "texture": "#7"}
			}
		},
		{
			"name": "Base",
			"from": [6.48211, 28.00711, 6.6],
			"to": [6.85711, 28.38211, 6.975],
			"rotation": {"angle": 0, "axis": "y", "origin": [7.43211, 32.48211, 7.525]},
			"faces": {
				"north": {"uv": [4, 7.75, 4.125, 7.875], "texture": "#7"},
				"east": {"uv": [4, 7.75, 4.125, 7.875], "texture": "#7"},
				"south": {"uv": [4, 7.75, 4.125, 7.875], "texture": "#7"},
				"west": {"uv": [4, 7.75, 4.125, 7.875], "texture": "#7"},
				"up": {"uv": [4.125, 7.875, 4, 7.75], "texture": "#7"},
				"down": {"uv": [4.125, 7.75, 4, 7.875], "texture": "#7"}
			}
		},
		{
			"name": "Base",
			"from": [6.13211, 28.88211, 7.05],
			"to": [6.50711, 29.25711, 7.425],
			"rotation": {"angle": 0, "axis": "y", "origin": [7.08211, 33.35711, 7.975]},
			"faces": {
				"north": {"uv": [7.75, 4, 7.875, 4.125], "texture": "#7"},
				"east": {"uv": [7.75, 4, 7.875, 4.125], "texture": "#7"},
				"south": {"uv": [7.75, 4, 7.875, 4.125], "texture": "#7"},
				"west": {"uv": [7.75, 4, 7.875, 4.125], "texture": "#7"},
				"up": {"uv": [7.875, 4.125, 7.75, 4], "texture": "#7"},
				"down": {"uv": [7.875, 4, 7.75, 4.125], "texture": "#7"}
			}
		},
		{
			"name": "Base",
			"from": [6.05711, 29.65711, 8],
			"to": [6.43211, 30.03211, 8.375],
			"rotation": {"angle": 0, "axis": "y", "origin": [7.00711, 34.13211, 8.925]},
			"faces": {
				"north": {"uv": [7.75, 5.25, 7.875, 5.375], "texture": "#7"},
				"east": {"uv": [5.5, 7.75, 5.625, 7.875], "texture": "#7"},
				"south": {"uv": [7.75, 5.25, 7.875, 5.375], "texture": "#7"},
				"west": {"uv": [7.75, 5.25, 7.875, 5.375], "texture": "#7"},
				"up": {"uv": [7.875, 5.375, 7.75, 5.25], "texture": "#7"},
				"down": {"uv": [7.875, 5.5, 7.75, 5.625], "texture": "#7"}
			}
		},
		{
			"name": "Base",
			"from": [6.03211, 28.48211, 8.775],
			"to": [6.40711, 28.85711, 9.15],
			"rotation": {"angle": 0, "axis": "y", "origin": [6.98211, 32.95711, 9.7]},
			"faces": {
				"north": {"uv": [4, 7.75, 4.125, 7.875], "texture": "#7"},
				"east": {"uv": [4, 7.75, 4.125, 7.875], "texture": "#7"},
				"south": {"uv": [4, 7.75, 4.125, 7.875], "texture": "#7"},
				"west": {"uv": [4, 7.75, 4.125, 7.875], "texture": "#7"},
				"up": {"uv": [4.125, 7.875, 4, 7.75], "texture": "#7"},
				"down": {"uv": [4.125, 7.75, 4, 7.875], "texture": "#7"}
			}
		},
		{
			"name": "Base",
			"from": [6.78211, 28.25711, 9.075],
			"to": [7.15711, 28.63211, 9.45],
			"rotation": {"angle": 0, "axis": "y", "origin": [7.73211, 32.73211, 10]},
			"faces": {
				"north": {"uv": [4, 7.75, 4.125, 7.875], "texture": "#7"},
				"east": {"uv": [4, 7.75, 4.125, 7.875], "texture": "#7"},
				"south": {"uv": [4, 7.75, 4.125, 7.875], "texture": "#7"},
				"west": {"uv": [4, 7.75, 4.125, 7.875], "texture": "#7"},
				"up": {"uv": [4.125, 7.875, 4, 7.75], "texture": "#7"},
				"down": {"uv": [4.125, 7.75, 4, 7.875], "texture": "#7"}
			}
		},
		{
			"name": "Base",
			"from": [7.00711, 26.80711, 9.425],
			"to": [7.38211, 27.18211, 9.8],
			"rotation": {"angle": 0, "axis": "y", "origin": [7.95711, 31.28211, 10.35]},
			"faces": {
				"north": {"uv": [4, 7.75, 4.125, 7.875], "texture": "#7"},
				"east": {"uv": [4, 7.75, 4.125, 7.875], "texture": "#7"},
				"south": {"uv": [4, 7.75, 4.125, 7.875], "texture": "#7"},
				"west": {"uv": [4, 7.75, 4.125, 7.875], "texture": "#7"},
				"up": {"uv": [4.125, 7.875, 4, 7.75], "texture": "#7"},
				"down": {"uv": [4.125, 7.75, 4, 7.875], "texture": "#7"}
			}
		},
		{
			"name": "Base",
			"from": [7.53211, 27.73211, 9.2],
			"to": [7.90711, 28.10711, 9.575],
			"rotation": {"angle": 0, "axis": "y", "origin": [8.48211, 32.20711, 10.125]},
			"faces": {
				"north": {"uv": [4, 7.75, 4.125, 7.875], "texture": "#7"},
				"east": {"uv": [4, 7.75, 4.125, 7.875], "texture": "#7"},
				"south": {"uv": [4, 7.75, 4.125, 7.875], "texture": "#7"},
				"west": {"uv": [4, 7.75, 4.125, 7.875], "texture": "#7"},
				"up": {"uv": [4.125, 7.875, 4, 7.75], "texture": "#7"},
				"down": {"uv": [4.125, 7.75, 4, 7.875], "texture": "#7"}
			}
		},
		{
			"name": "Base",
			"from": [7.70711, 25.75711, 9.425],
			"to": [8.08211, 26.13211, 9.8],
			"rotation": {"angle": 0, "axis": "y", "origin": [8.65711, 30.23211, 10.35]},
			"faces": {
				"north": {"uv": [4, 7.75, 4.125, 7.875], "texture": "#7"},
				"east": {"uv": [4, 7.75, 4.125, 7.875], "texture": "#7"},
				"south": {"uv": [4, 7.75, 4.125, 7.875], "texture": "#7"},
				"west": {"uv": [4, 7.75, 4.125, 7.875], "texture": "#7"},
				"up": {"uv": [4.125, 7.875, 4, 7.75], "texture": "#7"},
				"down": {"uv": [4.125, 7.75, 4, 7.875], "texture": "#7"}
			}
		},
		{
			"name": "Base",
			"from": [8.60711, 26.00711, 9.6],
			"to": [8.98211, 26.38211, 9.975],
			"rotation": {"angle": 0, "axis": "y", "origin": [9.55711, 30.48211, 10.525]},
			"faces": {
				"north": {"uv": [5.75, 7.75, 5.875, 7.875], "texture": "#7"},
				"east": {"uv": [5.75, 7.75, 5.875, 7.875], "texture": "#7"},
				"south": {"uv": [5.75, 7.75, 5.875, 7.875], "texture": "#7"},
				"west": {"uv": [5.75, 7.75, 5.875, 7.875], "texture": "#7"},
				"up": {"uv": [5.875, 7.875, 5.75, 7.75], "texture": "#7"},
				"down": {"uv": [5.875, 7.75, 5.75, 7.875], "texture": "#7"}
			}
		},
		{
			"name": "Base",
			"from": [8.68211, 24.23211, 9.9],
			"to": [9.05711, 24.60711, 10.275],
			"rotation": {"angle": 0, "axis": "y", "origin": [9.63211, 28.70711, 10.825]},
			"faces": {
				"north": {"uv": [7.75, 5.75, 7.875, 5.875], "texture": "#7"},
				"east": {"uv": [7.75, 5.75, 7.875, 5.875], "texture": "#7"},
				"south": {"uv": [7.75, 5.75, 7.875, 5.875], "texture": "#7"},
				"west": {"uv": [7.75, 5.75, 7.875, 5.875], "texture": "#7"},
				"up": {"uv": [7.875, 5.875, 7.75, 5.75], "texture": "#7"},
				"down": {"uv": [7.875, 5.75, 7.75, 5.875], "texture": "#7"}
			}
		},
		{
			"name": "Base",
			"from": [9.30711, 24.65711, 9.9],
			"to": [9.68211, 25.03211, 10.275],
			"rotation": {"angle": 0, "axis": "y", "origin": [10.25711, 29.13211, 10.825]},
			"faces": {
				"north": {"uv": [4, 7.75, 4.125, 7.875], "texture": "#7"},
				"east": {"uv": [4, 7.75, 4.125, 7.875], "texture": "#7"},
				"south": {"uv": [4, 7.75, 4.125, 7.875], "texture": "#7"},
				"west": {"uv": [4, 7.75, 4.125, 7.875], "texture": "#7"},
				"up": {"uv": [4.125, 7.875, 4, 7.75], "texture": "#7"},
				"down": {"uv": [4.125, 7.75, 4, 7.875], "texture": "#7"}
			}
		},
		{
			"name": "Base",
			"from": [10.13211, 23.83211, 10.05],
			"to": [10.50711, 24.20711, 10.425],
			"rotation": {"angle": 0, "axis": "y", "origin": [11.08211, 28.30711, 10.975]},
			"faces": {
				"north": {"uv": [6, 7.75, 6.125, 7.875], "texture": "#7"},
				"east": {"uv": [6, 7.75, 6.125, 7.875], "texture": "#7"},
				"south": {"uv": [6, 7.75, 6.125, 7.875], "texture": "#7"},
				"west": {"uv": [6, 7.75, 6.125, 7.875], "texture": "#7"},
				"up": {"uv": [6.125, 7.875, 6, 7.75], "texture": "#7"},
				"down": {"uv": [6.125, 7.75, 6, 7.875], "texture": "#7"}
			}
		},
		{
			"name": "Base",
			"from": [10.13211, 23.03211, 9.85],
			"to": [10.50711, 23.40711, 10.225],
			"rotation": {"angle": 0, "axis": "y", "origin": [11.08211, 27.50711, 10.775]},
			"faces": {
				"north": {"uv": [7.75, 6, 7.875, 6.125], "texture": "#7"},
				"east": {"uv": [7.75, 6, 7.875, 6.125], "texture": "#7"},
				"south": {"uv": [7.75, 6, 7.875, 6.125], "texture": "#7"},
				"west": {"uv": [7.75, 6, 7.875, 6.125], "texture": "#7"},
				"up": {"uv": [7.875, 6.125, 7.75, 6], "texture": "#7"},
				"down": {"uv": [7.875, 6, 7.75, 6.125], "texture": "#7"}
			}
		},
		{
			"name": "Base",
			"from": [10.83211, 22.78211, 9.45],
			"to": [11.20711, 23.15711, 9.825],
			"rotation": {"angle": 0, "axis": "y", "origin": [11.78211, 27.25711, 10.375]},
			"faces": {
				"north": {"uv": [4, 7.75, 4.125, 7.875], "texture": "#7"},
				"east": {"uv": [4, 7.75, 4.125, 7.875], "texture": "#7"},
				"south": {"uv": [4, 7.75, 4.125, 7.875], "texture": "#7"},
				"west": {"uv": [4, 7.75, 4.125, 7.875], "texture": "#7"},
				"up": {"uv": [4.125, 7.875, 4, 7.75], "texture": "#7"},
				"down": {"uv": [4.125, 7.75, 4, 7.875], "texture": "#7"}
			}
		},
		{
			"name": "Base",
			"from": [11.68211, 22.90711, 8.35],
			"to": [12.05711, 23.28211, 8.725],
			"rotation": {"angle": 0, "axis": "y", "origin": [12.63211, 27.38211, 9.275]},
			"faces": {
				"north": {"uv": [4, 7.75, 4.125, 7.875], "texture": "#7"},
				"east": {"uv": [4, 7.75, 4.125, 7.875], "texture": "#7"},
				"south": {"uv": [4, 7.75, 4.125, 7.875], "texture": "#7"},
				"west": {"uv": [4, 7.75, 4.125, 7.875], "texture": "#7"},
				"up": {"uv": [4.125, 7.875, 4, 7.75], "texture": "#7"},
				"down": {"uv": [4.125, 7.75, 4, 7.875], "texture": "#7"}
			}
		},
		{
			"name": "Base",
			"from": [11.83211, 22.45711, 7.775],
			"to": [12.20711, 22.83211, 8.15],
			"rotation": {"angle": 0, "axis": "y", "origin": [12.78211, 26.93211, 8.7]},
			"faces": {
				"north": {"uv": [7.75, 4, 7.875, 4.125], "texture": "#7"},
				"east": {"uv": [7.75, 4, 7.875, 4.125], "texture": "#7"},
				"south": {"uv": [7.75, 4, 7.875, 4.125], "texture": "#7"},
				"west": {"uv": [7.75, 4, 7.875, 4.125], "texture": "#7"},
				"up": {"uv": [7.875, 4.125, 7.75, 4], "texture": "#7"},
				"down": {"uv": [7.875, 4, 7.75, 4.125], "texture": "#7"}
			}
		},
		{
			"name": "Base",
			"from": [11.18211, 23.25711, 6.5],
			"to": [11.55711, 23.63211, 6.875],
			"rotation": {"angle": 0, "axis": "y", "origin": [12.13211, 27.73211, 7.425]},
			"faces": {
				"north": {"uv": [4, 7.75, 4.125, 7.875], "texture": "#7"},
				"east": {"uv": [4, 7.75, 4.125, 7.875], "texture": "#7"},
				"south": {"uv": [4, 7.75, 4.125, 7.875], "texture": "#7"},
				"west": {"uv": [4, 7.75, 4.125, 7.875], "texture": "#7"},
				"up": {"uv": [4.125, 7.875, 4, 7.75], "texture": "#7"},
				"down": {"uv": [4.125, 7.75, 4, 7.875], "texture": "#7"}
			}
		},
		{
			"name": "Base",
			"from": [11.35711, 22.53211, 6.225],
			"to": [11.73211, 22.90711, 6.6],
			"rotation": {"angle": 0, "axis": "y", "origin": [12.30711, 27.00711, 7.15]},
			"faces": {
				"north": {"uv": [7.75, 5.25, 7.875, 5.375], "texture": "#7"},
				"east": {"uv": [7.75, 5.25, 7.875, 5.375], "texture": "#7"},
				"south": {"uv": [7.75, 5.25, 7.875, 5.375], "texture": "#7"},
				"west": {"uv": [7.75, 5.25, 7.875, 5.375], "texture": "#7"},
				"up": {"uv": [7.875, 5.375, 7.75, 5.25], "texture": "#7"},
				"down": {"uv": [7.875, 5.25, 7.75, 5.375], "texture": "#7"}
			}
		},
		{
			"name": "Base",
			"from": [5.55711, 29.30711, 8.45],
			"to": [5.93211, 29.68211, 8.825],
			"rotation": {"angle": 0, "axis": "y", "origin": [6.50711, 33.78211, 9.375]},
			"faces": {
				"north": {"uv": [4, 7.75, 4.125, 7.875], "texture": "#7"},
				"east": {"uv": [6.25, 7.75, 6.375, 7.875], "texture": "#7"},
				"south": {"uv": [4, 7.75, 4.125, 7.875], "texture": "#7"},
				"west": {"uv": [4, 7.75, 4.125, 7.875], "texture": "#7"},
				"up": {"uv": [4.125, 7.875, 4, 7.75], "texture": "#7"},
				"down": {"uv": [4.125, 7.75, 4, 7.875], "texture": "#7"}
			}
		},
		{
			"name": "base",
			"from": [8.25711, 5.73211, 7.05],
			"to": [10.53211, 9.38211, 8.95],
			"rotation": {"angle": 0, "axis": "y", "origin": [11.20711, 10.20711, 8]},
			"faces": {
				"north": {"uv": [3, 3.5, 3.5625, 4], "texture": "#7"},
				"east": {"uv": [0.25, 1.6875, 0.75, 2.1875], "texture": "#7"},
				"south": {"uv": [3.75, 1.5, 4.3125, 2], "texture": "#7"},
				"west": {"uv": [3.75, 2.5, 4.25, 3], "texture": "#7"},
				"up": {"uv": [4.8125, 3.25, 4.25, 2.75], "texture": "#7"},
				"down": {"uv": [4.8125, 2.75, 4.25, 3.25], "texture": "#7"}
			}
		},
		{
			"name": "handle",
			"from": [8.38211, 7.08211, 7.225],
			"to": [10.40711, 22.70711, 8.775],
			"rotation": {"angle": 0, "axis": "y", "origin": [11.20711, 26.20711, 8]},
			"faces": {
				"north": {"uv": [0, 0, 0.5, 3.9375], "texture": "#7"},
				"east": {"uv": [1, 0, 1.375, 3.9375], "texture": "#7"},
				"south": {"uv": [0.5, 0, 1, 3.9375], "texture": "#7"},
				"west": {"uv": [1, 0, 1.375, 3.9375], "texture": "#7"},
				"up": {"uv": [6.25, 6.125, 5.75, 5.75], "texture": "#7"},
				"down": {"uv": [0.5, 6, 0, 6.375], "texture": "#7"}
			}
		},
		{
			"name": "base",
			"from": [10.50711, 13.58211, 7.075],
			"to": [10.53211, 14.38211, 8.925],
			"rotation": {"angle": 0, "axis": "y", "origin": [11.38211, 13.98211, 8.0125]},
			"faces": {
				"north": {"uv": [7.75, 6.25, 7.8125, 6.4375], "texture": "#7"},
				"east": {"uv": [6.5, 5.25, 6.9375, 5.4375], "texture": "#7"},
				"south": {"uv": [7.75, 6.5, 7.8125, 6.6875], "texture": "#7"},
				"west": {"uv": [0.5, 6.75, 0.9375, 6.9375], "texture": "#7"},
				"up": {"uv": [3.8125, 7.9375, 3.75, 7.5], "texture": "#7"},
				"down": {"uv": [7.5625, 5.5, 7.5, 5.9375], "texture": "#7"}
			}
		},
		{
			"name": "base",
			"from": [8.25711, 13.58211, 7.075],
			"to": [8.28211, 14.38211, 8.925],
			"rotation": {"angle": 0, "axis": "y", "origin": [9.13211, 13.98211, 8.0125]},
			"faces": {
				"north": {"uv": [7.75, 6.25, 7.8125, 6.4375], "texture": "#7"},
				"east": {"uv": [1.25, 6.75, 1.6875, 6.9375], "texture": "#7"},
				"south": {"uv": [7.75, 6.5, 7.8125, 6.6875], "texture": "#7"},
				"west": {"uv": [6.75, 1.5, 7.1875, 1.6875], "texture": "#7"},
				"up": {"uv": [3.8125, 7.5, 3.75, 7.9375], "texture": "#7"},
				"down": {"uv": [7.5625, 5.5, 7.5, 5.9375], "texture": "#7"}
			}
		},
		{
			"name": "base",
			"from": [8.28, 13.58211, 7.075],
			"to": [10.51, 14.38211, 7.1],
			"rotation": {"angle": 0, "axis": "y", "origin": [9.26961, 13.98211, 7.1]},
			"faces": {
				"north": {"uv": [6.75, 1.5, 7.1875, 1.6875], "texture": "#7"},
				"east": {"uv": [7.75, 6.25, 7.8125, 6.4375], "texture": "#7"},
				"south": {"uv": [1.25, 6.75, 1.6875, 6.9375], "texture": "#7"},
				"west": {"uv": [7.75, 6.5, 7.8125, 6.6875], "texture": "#7"},
				"up": {"uv": [3.8125, 7.5, 3.75, 7.9375], "texture": "#7"},
				"down": {"uv": [7.5625, 5.5, 7.5, 5.9375], "texture": "#7"}
			}
		},
		{
			"name": "base",
			"from": [8.28, 13.58211, 8.9],
			"to": [10.51, 14.38211, 8.925],
			"rotation": {"angle": 0, "axis": "y", "origin": [9.26961, 13.98211, 8.925]},
			"faces": {
				"north": {"uv": [6.75, 1.5, 7.1875, 1.6875], "texture": "#7"},
				"east": {"uv": [7.75, 6.25, 7.8125, 6.4375], "texture": "#7"},
				"south": {"uv": [1.25, 6.75, 1.6875, 6.9375], "texture": "#7"},
				"west": {"uv": [7.75, 6.5, 7.8125, 6.6875], "texture": "#7"},
				"up": {"uv": [3.8125, 7.5, 3.75, 7.9375], "texture": "#7"},
				"down": {"uv": [7.5625, 5.5, 7.5, 5.9375], "texture": "#7"}
			}
		},
		{
			"name": "base",
			"from": [10.50711, 11.83211, 7.075],
			"to": [10.53211, 12.63211, 8.925],
			"rotation": {"angle": 0, "axis": "y", "origin": [11.38211, 12.23211, 8.0125]},
			"faces": {
				"north": {"uv": [7.75, 6.25, 7.8125, 6.4375], "texture": "#7"},
				"east": {"uv": [6.5, 5.25, 6.9375, 5.4375], "texture": "#7"},
				"south": {"uv": [7.75, 6.5, 7.8125, 6.6875], "texture": "#7"},
				"west": {"uv": [0.5, 6.75, 0.9375, 6.9375], "texture": "#7"},
				"up": {"uv": [3.8125, 7.5, 3.75, 7.9375], "texture": "#7"},
				"down": {"uv": [7.5625, 5.5, 7.5, 5.9375], "texture": "#7"}
			}
		},
		{
			"name": "base",
			"from": [8.25711, 11.83211, 7.075],
			"to": [8.28211, 12.63211, 8.925],
			"rotation": {"angle": 0, "axis": "y", "origin": [9.13211, 12.23211, 8.0125]},
			"faces": {
				"north": {"uv": [7.75, 6.25, 7.8125, 6.4375], "texture": "#7"},
				"east": {"uv": [1.25, 6.75, 1.6875, 6.9375], "texture": "#7"},
				"south": {"uv": [7.75, 6.5, 7.8125, 6.6875], "texture": "#7"},
				"west": {"uv": [6.75, 1.5, 7.1875, 1.6875], "texture": "#7"},
				"up": {"uv": [3.8125, 7.5, 3.75, 7.9375], "texture": "#7"},
				"down": {"uv": [7.5625, 5.5, 7.5, 5.9375], "texture": "#7"}
			}
		},
		{
			"name": "base",
			"from": [8.28, 11.83211, 7.075],
			"to": [10.51, 12.63211, 7.1],
			"rotation": {"angle": 0, "axis": "y", "origin": [9.26961, 12.23211, 7.1]},
			"faces": {
				"north": {"uv": [6.75, 1.5, 7.1875, 1.6875], "texture": "#7"},
				"east": {"uv": [7.75, 6.25, 7.8125, 6.4375], "texture": "#7"},
				"south": {"uv": [1.25, 6.75, 1.6875, 6.9375], "texture": "#7"},
				"west": {"uv": [7.75, 6.5, 7.8125, 6.6875], "texture": "#7"},
				"up": {"uv": [3.8125, 7.5, 3.75, 7.9375], "texture": "#7"},
				"down": {"uv": [7.5625, 5.5, 7.5, 5.9375], "texture": "#7"}
			}
		},
		{
			"name": "base",
			"from": [8.28, 11.83211, 8.9],
			"to": [10.51, 12.63211, 8.925],
			"rotation": {"angle": 0, "axis": "y", "origin": [9.26961, 12.23211, 8.925]},
			"faces": {
				"north": {"uv": [6.75, 1.5, 7.1875, 1.6875], "texture": "#7"},
				"east": {"uv": [7.75, 6.25, 7.8125, 6.4375], "texture": "#7"},
				"south": {"uv": [1.25, 6.75, 1.6875, 6.9375], "texture": "#7"},
				"west": {"uv": [7.75, 6.5, 7.8125, 6.6875], "texture": "#7"},
				"up": {"uv": [3.8125, 7.5, 3.75, 7.9375], "texture": "#7"},
				"down": {"uv": [7.5625, 5.5, 7.5, 5.9375], "texture": "#7"}
			}
		},
		{
			"name": "base",
			"from": [10.50711, 10.08211, 7.075],
			"to": [10.53211, 10.88211, 8.925],
			"rotation": {"angle": 0, "axis": "y", "origin": [11.38211, 10.48211, 8.0125]},
			"faces": {
				"north": {"uv": [7.75, 6.25, 7.8125, 6.4375], "texture": "#7"},
				"east": {"uv": [6.5, 5.25, 6.9375, 5.4375], "texture": "#7"},
				"south": {"uv": [7.75, 6.5, 7.8125, 6.6875], "texture": "#7"},
				"west": {"uv": [0.5, 6.75, 0.9375, 6.9375], "texture": "#7"},
				"up": {"uv": [3.8125, 7.5, 3.75, 7.9375], "texture": "#7"},
				"down": {"uv": [7.5625, 5.5, 7.5, 5.9375], "texture": "#7"}
			}
		},
		{
			"name": "base",
			"from": [8.25711, 10.08211, 7.075],
			"to": [8.28211, 10.88211, 8.925],
			"rotation": {"angle": 0, "axis": "y", "origin": [9.13211, 10.48211, 8.0125]},
			"faces": {
				"north": {"uv": [7.75, 6.25, 7.8125, 6.4375], "texture": "#7"},
				"east": {"uv": [1.25, 6.75, 1.6875, 6.9375], "texture": "#7"},
				"south": {"uv": [7.75, 6.5, 7.8125, 6.6875], "texture": "#7"},
				"west": {"uv": [6.75, 1.5, 7.1875, 1.6875], "texture": "#7"},
				"up": {"uv": [3.8125, 7.5, 3.75, 7.9375], "texture": "#7"},
				"down": {"uv": [7.5625, 5.5, 7.5, 5.9375], "texture": "#7"}
			}
		},
		{
			"name": "base",
			"from": [8.28, 10.08211, 7.075],
			"to": [10.51, 10.88211, 7.1],
			"rotation": {"angle": 0, "axis": "y", "origin": [9.26961, 10.48211, 7.1]},
			"faces": {
				"north": {"uv": [6.75, 1.5, 7.1875, 1.6875], "texture": "#7"},
				"east": {"uv": [7.75, 6.25, 7.8125, 6.4375], "texture": "#7"},
				"south": {"uv": [1.25, 6.75, 1.6875, 6.9375], "texture": "#7"},
				"west": {"uv": [7.75, 6.5, 7.8125, 6.6875], "texture": "#7"},
				"up": {"uv": [3.8125, 7.5, 3.75, 7.9375], "texture": "#7"},
				"down": {"uv": [7.5625, 5.5, 7.5, 5.9375], "texture": "#7"}
			}
		},
		{
			"name": "base",
			"from": [8.28, 10.08211, 8.9],
			"to": [10.51, 10.88211, 8.925],
			"rotation": {"angle": 0, "axis": "y", "origin": [9.26961, 10.48211, 8.925]},
			"faces": {
				"north": {"uv": [6.75, 1.5, 7.1875, 1.6875], "texture": "#7"},
				"east": {"uv": [7.75, 6.25, 7.8125, 6.4375], "texture": "#7"},
				"south": {"uv": [1.25, 6.75, 1.6875, 6.9375], "texture": "#7"},
				"west": {"uv": [7.75, 6.5, 7.8125, 6.6875], "texture": "#7"},
				"up": {"uv": [3.8125, 7.5, 3.75, 7.9375], "texture": "#7"},
				"down": {"uv": [7.5625, 5.5, 7.5, 5.9375], "texture": "#7"}
			}
		}
	],
	"display": {
		"thirdperson_righthand": {
			"rotation": [0, 90, 0],
			"translation": [0, -2.5, 1.5],
			"scale": [0.65, 0.65, 0.65]
		},
		"thirdperson_lefthand": {
			"rotation": [0, 90, 0],
			"translation": [0, -2.5, 1.5],
			"scale": [0.65, 0.65, 0.65]
		},
		"firstperson_righthand": {
			"rotation": [0, 90, 0],
			"translation": [0, -0.75, 3.75],
			"scale": [0.57, 0.57, 0.57]
		},
		"firstperson_lefthand": {
			"rotation": [0, 90, 0],
			"translation": [0, -0.75, 3.75],
			"scale": [0.57, 0.57, 0.57]
		},
		"ground": {
			"scale": [0.51, 0.51, 0.51]
		},
		"gui": {
			"rotation": [0, 0, 47],
			"translation": [4.75, -6.25, 0],
			"scale": [0.62, 0.62, 0.62]
		},
		"fixed": {
			"rotation": [0, 0, -44],
			"translation": [-7.75, -6.25, 0],
			"scale": [0.77, 0.77, 0.77]
		}
	},
	"groups": [
		{
			"name": "Head",
			"origin": [8, 8, 8],
			"color": 0,
			"children": [
				{
					"name": "Front",
					"origin": [8, 8, 8],
					"color": 0,
					"children": [
						{
							"name": "outside",
							"origin": [8, 8, 8],
							"color": 6,
							"children": [0, 1, 2, 3, 4, 5, 6, 7, 8, 9, 10, 11]
						},
						{
							"name": "inside",
							"origin": [8, 8, 8],
							"color": 0,
							"children": [12, 13, 14, 15, 16, 17, 18, 19, 20, 21, 22, 23]
						}
					]
				},
				{
					"name": "Middle",
					"origin": [8, 8, 8],
					"color": 8,
					"children": [
						{
							"name": "outside",
							"origin": [8, 8, 8],
							"color": 0,
							"children": [24, 25, 26, 27, 28, 29, 30, 31, 32, 33, 34, 35]
						},
						36,
						{
							"name": "headConnect",
							"origin": [11.20711, 26.20711, 8],
							"color": 0,
							"children": [37, 38, 39, 40, 41, 42, 43, 44]
						},
						{
							"name": "Gems",
							"origin": [8, 8, 8],
							"color": 4,
							"children": [45, 46, 47, 48, 49, 50, 51, 52, 53, 54, 55, 56, 57, 58, 59, 60, 61, 62, 63, 64, 65, 66]
						}
					]
				},
				{
					"name": "stars",
					"origin": [8, 8, 8],
					"color": 1,
					"children": [67, 68, 69, 70, 71, 72, 73, 74, 75, 76, 77, 78, 79, 80, 81, 82, 83, 84, 85, 86, 87, 88, 89, 90, 91, 92, 93]
				}
			]
		},
		{
			"name": "Handle",
			"origin": [8, 8, 8],
			"color": 5,
			"children": [
				94,
				95,
				{
					"name": "rings",
					"origin": [8, 8, 8],
					"color": 0,
					"children": [96, 97, 98, 99, 100, 101, 102, 103, 104, 105, 106, 107]
				}
			]
		}
	]
}