{
	"credit": "Made with Blockbench",
	"texture_size": [32, 32],
	"textures": {
		"4": "optifine/cit/pickaxes/godfather_pickaxe",
		"particle": "optifine/cit/pickaxes/godfather_pickaxe"
	},
	"elements": [
		{
			"from": [1, 23.5, 6.5],
			"to": [17, 26.5, 9.5],
			"rotation": {"angle": 0, "axis": "y", "origin": [7, 24, 7]},
			"faces": {
				"north": {"uv": [0, 0, 8, 1.5], "texture": "#4"},
				"east": {"uv": [9.5, 6, 11, 7.5], "texture": "#4"},
				"south": {"uv": [0, 0, 8, 1.5], "texture": "#4"},
				"west": {"uv": [9.5, 6, 11, 7.5], "texture": "#4"},
				"up": {"uv": [8, 1.5, 0, 0], "texture": "#4"},
				"down": {"uv": [8, 0, 0, 1.5], "texture": "#4"}
			}
		},
		{
			"from": [17, 23.5, 6.85],
			"to": [17.875, 26.5, 9.125],
			"rotation": {"angle": 0, "axis": "y", "origin": [7, 24, 7]},
			"faces": {
				"north": {"uv": [1, 9.5, 1.5, 11], "texture": "#4"},
				"east": {"uv": [3, 11, 4, 12.5], "texture": "#4"},
				"south": {"uv": [1, 9.5, 1.5, 11], "texture": "#4"},
				"west": {"uv": [3, 11, 4, 12.5], "texture": "#4"},
				"up": {"uv": [10.5, 14, 10, 13], "texture": "#4"},
				"down": {"uv": [10.5, 13, 10, 14], "texture": "#4"}
			}
		},
		{
			"from": [17.5, 24.15, 7.325],
			"to": [18.375, 26.1, 8.65],
			"rotation": {"angle": 0, "axis": "y", "origin": [7.5, 24, 7]},
			"faces": {
				"north": {"uv": [2.5, 13.5, 3, 14.5], "texture": "#4"},
				"east": {"uv": [3, 13.5, 3.5, 14.5], "texture": "#4"},
				"south": {"uv": [2.5, 13.5, 3, 14.5], "texture": "#4"},
				"west": {"uv": [3, 13.5, 3.5, 14.5], "texture": "#4"},
				"up": {"uv": [4.5, 11.5, 4, 11], "texture": "#4"},
				"down": {"uv": [4.5, 11, 4, 11.5], "texture": "#4"}
			}
		},
		{
			"from": [17.5, 23.5, 7.15],
			"to": [19.7, 23.6, 8.825],
			"rotation": {"angle": 0, "axis": "y", "origin": [7.5, 23.25, 7]},
			"faces": {
				"north": {"uv": [8, 1, 9, 1.5], "texture": "#4"},
				"east": {"uv": [5, 13.5, 6, 14], "texture": "#4"},
				"south": {"uv": [8, 1, 9, 1.5], "texture": "#4"},
				"west": {"uv": [5, 13.5, 6, 14], "texture": "#4"},
				"up": {"uv": [12.5, 11, 11.5, 10], "texture": "#4"},
				"down": {"uv": [12.5, 10, 11.5, 11], "texture": "#4"}
			}
		},
		{
			"from": [18.35, 25.35, 7.675],
			"to": [18.675, 25.85, 8.3],
			"rotation": {"angle": 0, "axis": "y", "origin": [8.25, 24, 7]},
			"faces": {
				"north": {"uv": [2.5, 12, 3, 12.5], "texture": "#4"},
				"east": {"uv": [3.5, 14.5, 4, 15], "texture": "#4"},
				"south": {"uv": [2.5, 12, 3, 12.5], "texture": "#4"},
				"west": {"uv": [3.5, 14.5, 4, 15], "texture": "#4"},
				"up": {"uv": [4.5, 15, 4, 14.5], "texture": "#4"},
				"down": {"uv": [4.5, 14.5, 4, 15], "texture": "#4"}
			}
		},
		{
			"from": [16.925, 23.525, 6.625],
			"to": [17.85, 26.475, 7],
			"rotation": {"angle": -22.5, "axis": "y", "origin": [17.3, 25, 6.775]},
			"faces": {
				"north": {"uv": [6, 12.5, 6.5, 14], "texture": "#4"},
				"east": {"uv": [11, 12.5, 11.5, 14], "texture": "#4"},
				"south": {"uv": [6, 12.5, 6.5, 14], "texture": "#4"},
				"west": {"uv": [11, 12.5, 11.5, 14], "texture": "#4"},
				"up": {"uv": [15, 4.5, 14.5, 4], "texture": "#4"},
				"down": {"uv": [15, 4, 14.5, 4.5], "texture": "#4"}
			}
		},
		{
			"from": [16.875, 23.525, 9],
			"to": [17.825, 26.475, 9.375],
			"rotation": {"angle": 22.5, "axis": "y", "origin": [17.25, 25, 9.15]},
			"faces": {
				"north": {"uv": [11.5, 12.5, 12, 14], "texture": "#4"},
				"east": {"uv": [11, 12.5, 11.5, 14], "texture": "#4"},
				"south": {"uv": [11.5, 12.5, 12, 14], "texture": "#4"},
				"west": {"uv": [11, 12.5, 11.5, 14], "texture": "#4"},
				"up": {"uv": [5, 15, 4.5, 14.5], "texture": "#4"},
				"down": {"uv": [5, 14.5, 4.5, 15], "texture": "#4"}
			}
		},
		{
			"from": [-3.25, 24.5, 7],
			"to": [1, 26.25, 9],
			"rotation": {"angle": 0, "axis": "y", "origin": [-2, 24, 7]},
			"faces": {
				"north": {"uv": [7.5, 10, 9.5, 11], "texture": "#4"},
				"east": {"uv": [1.5, 12, 2.5, 13], "texture": "#4"},
				"south": {"uv": [7.5, 10, 9.5, 11], "texture": "#4"},
				"west": {"uv": [1.5, 12, 2.5, 13], "texture": "#4"},
				"up": {"uv": [11.5, 11, 9.5, 10], "texture": "#4"},
				"down": {"uv": [11.5, 10, 9.5, 11], "texture": "#4"}
			}
		},
		{
			"from": [-8.25, 23.5, 7],
			"to": [1, 23.75, 9],
			"rotation": {"angle": 0, "axis": "y", "origin": [-2, 23, 7]},
			"faces": {
				"north": {"uv": [7.5, 9.5, 12, 10], "texture": "#4"},
				"east": {"uv": [13.5, 5, 14.5, 5.5], "texture": "#4"},
				"south": {"uv": [7.5, 9.5, 12, 10], "texture": "#4"},
				"west": {"uv": [13.5, 5, 14.5, 5.5], "texture": "#4"},
				"up": {"uv": [10.5, 4, 6, 3], "texture": "#4"},
				"down": {"uv": [10.5, 3, 6, 4], "texture": "#4"}
			}
		},
		{
			"from": [-7, 24.75, 7.25],
			"to": [-3.25, 26, 8.75],
			"rotation": {"angle": 0, "axis": "y", "origin": [-6.25, 24, 7]},
			"faces": {
				"north": {"uv": [7.5, 12, 9.5, 12.5], "texture": "#4"},
				"east": {"uv": [13.5, 6, 14.5, 6.5], "texture": "#4"},
				"south": {"uv": [7.5, 12, 9.5, 12.5], "texture": "#4"},
				"west": {"uv": [13.5, 6, 14.5, 6.5], "texture": "#4"},
				"up": {"uv": [12.5, 4, 10.5, 3], "texture": "#4"},
				"down": {"uv": [12.5, 3, 10.5, 4], "texture": "#4"}
			}
		},
		{
			"from": [-13.5, 25, 7.5],
			"to": [-7, 25.75, 8.5],
			"rotation": {"angle": 0, "axis": "y", "origin": [-10, 24, 7]},
			"faces": {
				"north": {"uv": [11, 8, 14.5, 8.5], "texture": "#4"},
				"east": {"uv": [5, 14.5, 5.5, 15], "texture": "#4"},
				"south": {"uv": [11, 8, 14.5, 8.5], "texture": "#4"},
				"west": {"uv": [5, 14.5, 5.5, 15], "texture": "#4"},
				"up": {"uv": [14.5, 9, 11, 8.5], "texture": "#4"},
				"down": {"uv": [14.5, 8.5, 11, 9], "texture": "#4"}
			}
		},
		{
			"from": [-16, 24.75, 7.25],
			"to": [-13.5, 26, 8.75],
			"rotation": {"angle": 0, "axis": "y", "origin": [-12.5, 24, 7]},
			"faces": {
				"north": {"uv": [12.5, 5.5, 14, 6], "texture": "#4"},
				"east": {"uv": [13.5, 6, 14.5, 6.5], "texture": "#4"},
				"south": {"uv": [12.5, 5.5, 14, 6], "texture": "#4"},
				"west": {"uv": [13.5, 6, 14.5, 6.5], "texture": "#4"},
				"up": {"uv": [11, 12, 9.5, 11], "texture": "#4"},
				"down": {"uv": [11, 11, 9.5, 12], "texture": "#4"}
			}
		},
		{
			"from": [-14.5, 26, 7.45],
			"to": [-13.7, 26.25, 8.55],
			"rotation": {"angle": 0, "axis": "y", "origin": [-12.5, 25.25, 7]},
			"faces": {
				"north": {"uv": [14.5, 5, 15, 5.5], "texture": "#4"},
				"east": {"uv": [5.5, 14.5, 6, 15], "texture": "#4"},
				"south": {"uv": [14.5, 5, 15, 5.5], "texture": "#4"},
				"west": {"uv": [5.5, 14.5, 6, 15], "texture": "#4"},
				"up": {"uv": [15, 6.5, 14.5, 6], "texture": "#4"},
				"down": {"uv": [15, 6, 14.5, 6.5], "texture": "#4"}
			}
		},
		{
			"from": [-14.5, 25.825, 7.875],
			"to": [-13.7, 26.925, 8.125],
			"rotation": {"angle": 0, "axis": "y", "origin": [-14.1, 26.375, 8]},
			"faces": {
				"north": {"uv": [14.5, 6, 15, 6.5], "texture": "#4"},
				"east": {"uv": [5.5, 14.5, 6, 15], "texture": "#4"},
				"south": {"uv": [14.5, 6, 15, 6.5], "texture": "#4"},
				"west": {"uv": [5.5, 14.5, 6, 15], "texture": "#4"},
				"up": {"uv": [15, 5.5, 14.5, 5], "texture": "#4"},
				"down": {"uv": [15, 5, 14.5, 5.5], "texture": "#4"}
			}
		},
		{
			"from": [-14.475, 25.975, 7.875],
			"to": [-13.725, 26.575, 8.2],
			"rotation": {"angle": 45, "axis": "x", "origin": [-14.1, 26.625, 8]},
			"faces": {
				"north": {"uv": [6.5, 14.5, 7, 15], "texture": "#4"},
				"east": {"uv": [14.5, 6.5, 15, 7], "texture": "#4"},
				"south": {"uv": [6.5, 14.5, 7, 15], "texture": "#4"},
				"west": {"uv": [14.5, 6.5, 15, 7], "texture": "#4"},
				"up": {"uv": [7.5, 15, 7, 14.5], "texture": "#4"},
				"down": {"uv": [7.5, 14.5, 7, 15], "texture": "#4"}
			}
		},
		{
			"from": [12.15, 24.375, 7.25],
			"to": [15.95, 26.7, 8.8],
			"rotation": {"angle": 0, "axis": "y", "origin": [14.5, 24.875, 6.25]},
			"faces": {
				"north": {"uv": [1, 11, 3, 12], "texture": "#4"},
				"east": {"uv": [9.5, 12, 10.5, 13], "texture": "#4"},
				"south": {"uv": [1, 11, 3, 12], "texture": "#4"},
				"west": {"uv": [9.5, 12, 10.5, 13], "texture": "#4"},
				"up": {"uv": [13, 7, 11, 6], "texture": "#4"},
				"down": {"uv": [13, 6, 11, 7], "texture": "#4"}
			}
		},
		{
			"from": [-14.475, 26.051, 8.06653],
			"to": [-13.725, 26.651, 8.39153],
			"rotation": {"angle": -45, "axis": "x", "origin": [-14.1, 26.351, 8.22903]},
			"faces": {
				"north": {"uv": [6.5, 14.5, 7, 15], "texture": "#4"},
				"east": {"uv": [14.5, 6.5, 15, 7], "texture": "#4"},
				"south": {"uv": [6.5, 14.5, 7, 15], "texture": "#4"},
				"west": {"uv": [14.5, 6.5, 15, 7], "texture": "#4"},
				"up": {"uv": [7.5, 15, 7, 14.5], "texture": "#4"},
				"down": {"uv": [7.5, 14.5, 7, 15], "texture": "#4"}
			}
		},
		{
			"from": [12.15, 24.25, 7],
			"to": [16, 27.25, 7.3],
			"rotation": {"angle": 0, "axis": "y", "origin": [14.5, 24.75, 6.25]},
			"faces": {
				"north": {"uv": [9.5, 4.5, 11.5, 6], "texture": "#4"},
				"east": {"uv": [12, 12.5, 12.5, 14], "texture": "#4"},
				"south": {"uv": [9.5, 4.5, 11.5, 6], "texture": "#4"},
				"west": {"uv": [12, 12.5, 12.5, 14], "texture": "#4"},
				"up": {"uv": [14, 10, 12, 9.5], "texture": "#4"},
				"down": {"uv": [14, 9.5, 12, 10], "texture": "#4"}
			}
		},
		{
			"from": [12.15, 24.25, 8.75],
			"to": [16, 27.25, 9.05],
			"rotation": {"angle": 0, "axis": "y", "origin": [14.5, 24.75, 8]},
			"faces": {
				"north": {"uv": [9.5, 4.5, 11.5, 6], "texture": "#4"},
				"east": {"uv": [12, 12.5, 12.5, 14], "texture": "#4"},
				"south": {"uv": [9.5, 4.5, 11.5, 6], "texture": "#4"},
				"west": {"uv": [12, 12.5, 12.5, 14], "texture": "#4"},
				"up": {"uv": [14, 10, 12, 9.5], "texture": "#4"},
				"down": {"uv": [14, 9.5, 12, 10], "texture": "#4"}
			}
		},
		{
			"from": [25.6, 18.05, 6.4],
			"to": [25.8, 23, 9.575],
			"rotation": {"angle": -22.5, "axis": "z", "origin": [24.2875, 18.575, 7.9875]},
			"faces": {
				"north": {"uv": [0, 12, 0.5, 14.5], "texture": "#4"},
				"east": {"uv": [4.5, 7.5, 6, 10], "texture": "#4"},
				"south": {"uv": [0, 12, 0.5, 14.5], "texture": "#4"},
				"west": {"uv": [4.5, 7.5, 6, 10], "texture": "#4"},
				"up": {"uv": [13, 14, 12.5, 12.5], "texture": "#4"},
				"down": {"uv": [13, 12.5, 12.5, 14], "texture": "#4"}
			}
		},
		{
			"from": [-8.5, 23.15, 6.75],
			"to": [-1, 23.65, 9.25],
			"rotation": {"angle": 0, "axis": "y", "origin": [-4, 22.9, 7]},
			"faces": {
				"north": {"uv": [9.5, 9, 13.5, 9.5], "texture": "#4"},
				"east": {"uv": [12.5, 10, 14, 10.5], "texture": "#4"},
				"south": {"uv": [9.5, 9, 13.5, 9.5], "texture": "#4"},
				"west": {"uv": [12.5, 10, 14, 10.5], "texture": "#4"},
				"up": {"uv": [9.5, 6, 5.5, 4.5], "texture": "#4"},
				"down": {"uv": [9.5, 4.5, 5.5, 6], "texture": "#4"}
			}
		},
		{
			"from": [-4.5, 22.9, 7.25],
			"to": [-0.925, 23.45, 8.75],
			"rotation": {"angle": -22.5, "axis": "z", "origin": [-3.75, 23.15, 8]},
			"faces": {
				"north": {"uv": [12, 11, 14, 11.5], "texture": "#4"},
				"east": {"uv": [13.5, 6.5, 14.5, 7], "texture": "#4"},
				"south": {"uv": [12, 11, 14, 11.5], "texture": "#4"},
				"west": {"uv": [13.5, 6.5, 14.5, 7], "texture": "#4"},
				"up": {"uv": [13, 8, 11, 7], "texture": "#4"},
				"down": {"uv": [13, 7, 11, 8], "texture": "#4"}
			}
		},
		{
			"from": [-6, 22.925, 7.25],
			"to": [-4.175, 23.475, 8.75],
			"rotation": {"angle": -22.5, "axis": "z", "origin": [-5.25, 23.175, 8]},
			"faces": {
				"north": {"uv": [13.5, 7, 14.5, 7.5], "texture": "#4"},
				"east": {"uv": [13.5, 6.5, 14.5, 7], "texture": "#4"},
				"south": {"uv": [13.5, 7, 14.5, 7.5], "texture": "#4"},
				"west": {"uv": [13.5, 6.5, 14.5, 7], "texture": "#4"},
				"up": {"uv": [13, 12.5, 12, 11.5], "texture": "#4"},
				"down": {"uv": [13, 11.5, 12, 12.5], "texture": "#4"}
			}
		},
		{
			"from": [-6.5, 21.6, 7.275],
			"to": [-4.45, 23.425, 8.725],
			"rotation": {"angle": 22.5, "axis": "z", "origin": [-4.75, 22.675, 8]},
			"faces": {
				"north": {"uv": [12.5, 1, 13.5, 2], "texture": "#4"},
				"east": {"uv": [7.5, 13.5, 8, 14.5], "texture": "#4"},
				"south": {"uv": [12.5, 1, 13.5, 2], "texture": "#4"},
				"west": {"uv": [7.5, 13.5, 8, 14.5], "texture": "#4"},
				"up": {"uv": [9, 14, 8, 13.5], "texture": "#4"},
				"down": {"uv": [9, 13.5, 8, 14], "texture": "#4"}
			}
		},
		{
			"from": [-6.2, 20.875, 7.275],
			"to": [-4.725, 21.675, 8.725],
			"rotation": {"angle": 22.5, "axis": "z", "origin": [-4.45, 21.925, 8]},
			"faces": {
				"north": {"uv": [14.5, 7, 15, 7.5], "texture": "#4"},
				"east": {"uv": [7.5, 14.5, 8, 15], "texture": "#4"},
				"south": {"uv": [14.5, 7, 15, 7.5], "texture": "#4"},
				"west": {"uv": [7.5, 14.5, 8, 15], "texture": "#4"},
				"up": {"uv": [15, 8, 14.5, 7.5], "texture": "#4"},
				"down": {"uv": [15, 7.5, 14.5, 8], "texture": "#4"}
			}
		},
		{
			"from": [-7.2, 23.275, 7.275],
			"to": [-6.15, 23.85, 8.725],
			"rotation": {"angle": 22.5, "axis": "z", "origin": [-5.45, 24.35, 8]},
			"faces": {
				"north": {"uv": [14.5, 8, 15, 8.5], "texture": "#4"},
				"east": {"uv": [14.5, 8.5, 15, 9], "texture": "#4"},
				"south": {"uv": [14.5, 8, 15, 8.5], "texture": "#4"},
				"west": {"uv": [14.5, 8.5, 15, 9], "texture": "#4"},
				"up": {"uv": [9.5, 15, 9, 14.5], "texture": "#4"},
				"down": {"uv": [9.5, 14.5, 9, 15], "texture": "#4"}
			}
		},
		{
			"from": [-4.625, 21.325, 7.25],
			"to": [-4.075, 21.8, 8.75],
			"rotation": {"angle": 0, "axis": "y", "origin": [-4.375, 22.55, 8]},
			"faces": {
				"north": {"uv": [14.5, 9, 15, 9.5], "texture": "#4"},
				"east": {"uv": [13.5, 9, 14.5, 9.5], "texture": "#4"},
				"south": {"uv": [14.5, 9, 15, 9.5], "texture": "#4"},
				"west": {"uv": [13.5, 9, 14.5, 9.5], "texture": "#4"},
				"up": {"uv": [14.5, 7, 13.5, 6.5], "texture": "#4"},
				"down": {"uv": [14.5, 6.5, 13.5, 7], "texture": "#4"}
			}
		},
		{
			"from": [-4.325, 20.875, 7.275],
			"to": [-3.775, 21.375, 8.725],
			"rotation": {"angle": -22.5, "axis": "z", "origin": [-4.075, 22.125, 8]},
			"faces": {
				"north": {"uv": [9.5, 14.5, 10, 15], "texture": "#4"},
				"east": {"uv": [14.5, 9.5, 15, 10], "texture": "#4"},
				"south": {"uv": [9.5, 14.5, 10, 15], "texture": "#4"},
				"west": {"uv": [14.5, 9.5, 15, 10], "texture": "#4"},
				"up": {"uv": [15, 10.5, 14.5, 10], "texture": "#4"},
				"down": {"uv": [15, 10, 14.5, 10.5], "texture": "#4"}
			}
		},
		{
			"from": [-5.825, 20.3, 7.25],
			"to": [-5.175, 21, 8.75],
			"rotation": {"angle": -22.5, "axis": "z", "origin": [-5.475, 21.55, 8]},
			"faces": {
				"north": {"uv": [14.5, 10.5, 15, 11], "texture": "#4"},
				"east": {"uv": [13, 13.5, 14, 14], "texture": "#4"},
				"south": {"uv": [14.5, 10.5, 15, 11], "texture": "#4"},
				"west": {"uv": [13, 13.5, 14, 14], "texture": "#4"},
				"up": {"uv": [9.5, 14.5, 9, 13.5], "texture": "#4"},
				"down": {"uv": [9.5, 13.5, 9, 14.5], "texture": "#4"}
			}
		},
		{
			"from": [-6.15, 21.45, 7.25],
			"to": [-5.5, 22.15, 8.75],
			"rotation": {"angle": -22.5, "axis": "z", "origin": [-5.8, 22.7, 8]},
			"faces": {
				"north": {"uv": [14.5, 10.5, 15, 11], "texture": "#4"},
				"east": {"uv": [13, 13.5, 14, 14], "texture": "#4"},
				"south": {"uv": [14.5, 10.5, 15, 11], "texture": "#4"},
				"west": {"uv": [13, 13.5, 14, 14], "texture": "#4"},
				"up": {"uv": [9.5, 14.5, 9, 13.5], "texture": "#4"},
				"down": {"uv": [9.5, 13.5, 9, 14.5], "texture": "#4"}
			}
		},
		{
			"from": [-6.4, 22.25, 7.25],
			"to": [-5.75, 22.95, 8.75],
			"rotation": {"angle": -22.5, "axis": "z", "origin": [-6.05, 23.5, 8]},
			"faces": {
				"north": {"uv": [14.5, 10.5, 15, 11], "texture": "#4"},
				"east": {"uv": [13, 13.5, 14, 14], "texture": "#4"},
				"south": {"uv": [14.5, 10.5, 15, 11], "texture": "#4"},
				"west": {"uv": [13, 13.5, 14, 14], "texture": "#4"},
				"up": {"uv": [9.5, 14.5, 9, 13.5], "texture": "#4"},
				"down": {"uv": [9.5, 13.5, 9, 14.5], "texture": "#4"}
			}
		},
		{
			"from": [-4.925, 21.125, 7.25],
			"to": [-4.45, 21.675, 8.75],
			"rotation": {"angle": 22.5, "axis": "z", "origin": [-3.7, 21.425, 8]},
			"faces": {
				"north": {"uv": [14.5, 9, 15, 9.5], "texture": "#4"},
				"east": {"uv": [13.5, 6.5, 14.5, 7], "texture": "#4"},
				"south": {"uv": [14.5, 9, 15, 9.5], "texture": "#4"},
				"west": {"uv": [13.5, 6.5, 14.5, 7], "texture": "#4"},
				"up": {"uv": [14.5, 9.5, 13.5, 9], "texture": "#4"},
				"down": {"uv": [14.5, 9, 13.5, 9.5], "texture": "#4"}
			}
		},
		{
			"from": [-3.25, 22.9, 7.275],
			"to": [-1.025, 23.45, 8.725],
			"rotation": {"angle": 0, "axis": "y", "origin": [-3.75, 23.15, 8]},
			"faces": {
				"north": {"uv": [14, 0.5, 15, 1], "texture": "#4"},
				"east": {"uv": [14.5, 10, 15, 10.5], "texture": "#4"},
				"south": {"uv": [14, 0.5, 15, 1], "texture": "#4"},
				"west": {"uv": [14.5, 10, 15, 10.5], "texture": "#4"},
				"up": {"uv": [6, 14.5, 5, 14], "texture": "#4"},
				"down": {"uv": [6, 14, 5, 14.5], "texture": "#4"}
			}
		},
		{
			"from": [-2.475, 22.35, 7.275],
			"to": [-1.025, 22.9, 8.725],
			"rotation": {"angle": 0, "axis": "y", "origin": [-3.75, 22.6, 8]},
			"faces": {
				"north": {"uv": [14.5, 10, 15, 10.5], "texture": "#4"},
				"east": {"uv": [14.5, 10, 15, 10.5], "texture": "#4"},
				"south": {"uv": [14.5, 10, 15, 10.5], "texture": "#4"},
				"west": {"uv": [14.5, 10, 15, 10.5], "texture": "#4"},
				"up": {"uv": [15, 11.5, 14.5, 11], "texture": "#4"},
				"down": {"uv": [15, 11, 14.5, 11.5], "texture": "#4"}
			}
		},
		{
			"from": [7.05, 24.25, 8.2],
			"to": [7.5, 27.25, 8.3],
			"rotation": {"angle": 0, "axis": "y", "origin": [7, 24.75, 7.25]},
			"faces": {
				"north": {"uv": [1.5, 13, 2, 14.5], "texture": "#4"},
				"east": {"uv": [2, 13, 2.5, 14.5], "texture": "#4"},
				"south": {"uv": [1.5, 13, 2, 14.5], "texture": "#4"},
				"west": {"uv": [2, 13, 2.5, 14.5], "texture": "#4"},
				"up": {"uv": [15, 12, 14.5, 11.5], "texture": "#4"},
				"down": {"uv": [15, 11.5, 14.5, 12], "texture": "#4"}
			}
		},
		{
			"from": [7.05, 24.25, 7.7],
			"to": [7.5, 27.25, 7.8],
			"rotation": {"angle": 0, "axis": "y", "origin": [7, 24.75, 6.75]},
			"faces": {
				"north": {"uv": [1.5, 13, 2, 14.5], "texture": "#4"},
				"east": {"uv": [2, 13, 2.5, 14.5], "texture": "#4"},
				"south": {"uv": [1.5, 13, 2, 14.5], "texture": "#4"},
				"west": {"uv": [2, 13, 2.5, 14.5], "texture": "#4"},
				"up": {"uv": [15, 12, 14.5, 11.5], "texture": "#4"},
				"down": {"uv": [15, 11.5, 14.5, 12], "texture": "#4"}
			}
		},
		{
			"from": [12.15, 24.375, 7.25],
			"to": [12.5, 26.875, 8.8],
			"rotation": {"angle": 0, "axis": "y", "origin": [14.5, 24.875, 6.25]},
			"faces": {
				"north": {"uv": [4, 13, 4.5, 14.5], "texture": "#4"},
				"east": {"uv": [11, 11, 12, 12.5], "texture": "#4"},
				"south": {"uv": [4, 13, 4.5, 14.5], "texture": "#4"},
				"west": {"uv": [11, 11, 12, 12.5], "texture": "#4"},
				"up": {"uv": [6.5, 15, 6, 14], "texture": "#4"},
				"down": {"uv": [6.5, 14, 6, 15], "texture": "#4"}
			}
		},
		{
			"from": [12.95, 24.375, 7.65],
			"to": [13.7, 26.825, 8.4],
			"rotation": {"angle": 0, "axis": "y", "origin": [15.5, 24.875, 6.25]},
			"faces": {
				"north": {"uv": [8, 14, 8.5, 15], "texture": "#4"},
				"east": {"uv": [8, 14, 8.5, 15], "texture": "#4"},
				"south": {"uv": [8, 14, 8.5, 15], "texture": "#4"},
				"west": {"uv": [8, 14, 8.5, 15], "texture": "#4"},
				"up": {"uv": [12.5, 15, 12, 14.5], "texture": "#4"},
				"down": {"uv": [12.5, 14.5, 12, 15], "texture": "#4"}
			}
		},
		{
			"from": [13.2, 24.375, 7.3],
			"to": [13.45, 26.775, 7.7],
			"rotation": {"angle": 0, "axis": "y", "origin": [15.5, 24.875, 6]},
			"faces": {
				"north": {"uv": [8.5, 14, 9, 15], "texture": "#4"},
				"east": {"uv": [14, 9.5, 14.5, 10.5], "texture": "#4"},
				"south": {"uv": [8.5, 14, 9, 15], "texture": "#4"},
				"west": {"uv": [14, 9.5, 14.5, 10.5], "texture": "#4"},
				"up": {"uv": [15, 12.5, 14.5, 12], "texture": "#4"},
				"down": {"uv": [15, 12, 14.5, 12.5], "texture": "#4"}
			}
		},
		{
			"from": [13.2, 24.375, 8.4],
			"to": [13.45, 26.775, 8.8],
			"rotation": {"angle": 0, "axis": "y", "origin": [15.5, 24.875, 7.1]},
			"faces": {
				"north": {"uv": [8.5, 14, 9, 15], "texture": "#4"},
				"east": {"uv": [14, 9.5, 14.5, 10.5], "texture": "#4"},
				"south": {"uv": [8.5, 14, 9, 15], "texture": "#4"},
				"west": {"uv": [14, 9.5, 14.5, 10.5], "texture": "#4"},
				"up": {"uv": [15, 12.5, 14.5, 12], "texture": "#4"},
				"down": {"uv": [15, 12, 14.5, 12.5], "texture": "#4"}
			}
		},
		{
			"from": [15.5, 24.375, 8.725],
			"to": [15.925, 27.025, 8.8],
			"rotation": {"angle": 0, "axis": "y", "origin": [17.975, 24.875, 7.1]},
			"faces": {
				"north": {"uv": [4.5, 13, 5, 14.5], "texture": "#4"},
				"east": {"uv": [13, 6, 13.5, 7.5], "texture": "#4"},
				"south": {"uv": [4.5, 13, 5, 14.5], "texture": "#4"},
				"west": {"uv": [13, 6, 13.5, 7.5], "texture": "#4"},
				"up": {"uv": [13, 15, 12.5, 14.5], "texture": "#4"},
				"down": {"uv": [13, 14.5, 12.5, 15], "texture": "#4"}
			}
		},
		{
			"from": [15.5, 24.375, 7.25],
			"to": [15.925, 27.025, 7.325],
			"rotation": {"angle": 0, "axis": "y", "origin": [17.975, 24.875, 5.625]},
			"faces": {
				"north": {"uv": [4.5, 13, 5, 14.5], "texture": "#4"},
				"east": {"uv": [13, 6, 13.5, 7.5], "texture": "#4"},
				"south": {"uv": [4.5, 13, 5, 14.5], "texture": "#4"},
				"west": {"uv": [13, 6, 13.5, 7.5], "texture": "#4"},
				"up": {"uv": [13, 15, 12.5, 14.5], "texture": "#4"},
				"down": {"uv": [13, 14.5, 12.5, 15], "texture": "#4"}
			}
		},
		{
			"from": [12.15, 24.475, 8.25],
			"to": [12.25, 26.975, 8.8],
			"rotation": {"angle": 0, "axis": "y", "origin": [14.5, 24.975, 6.25]},
			"faces": {
				"north": {"uv": [6.5, 13, 7, 14.5], "texture": "#4"},
				"east": {"uv": [7, 13, 7.5, 14.5], "texture": "#4"},
				"south": {"uv": [6.5, 13, 7, 14.5], "texture": "#4"},
				"west": {"uv": [7, 13, 7.5, 14.5], "texture": "#4"},
				"up": {"uv": [15, 13, 14.5, 12.5], "texture": "#4"},
				"down": {"uv": [15, 12.5, 14.5, 13], "texture": "#4"}
			}
		},
		{
			"from": [12.15, 24.475, 7.25],
			"to": [12.25, 26.975, 7.8],
			"rotation": {"angle": 0, "axis": "y", "origin": [14.5, 24.975, 5.25]},
			"faces": {
				"north": {"uv": [6.5, 13, 7, 14.5], "texture": "#4"},
				"east": {"uv": [7, 13, 7.5, 14.5], "texture": "#4"},
				"south": {"uv": [6.5, 13, 7, 14.5], "texture": "#4"},
				"west": {"uv": [7, 13, 7.5, 14.5], "texture": "#4"},
				"up": {"uv": [15, 13, 14.5, 12.5], "texture": "#4"},
				"down": {"uv": [15, 12.5, 14.5, 13], "texture": "#4"}
			}
		},
		{
			"from": [6.85, 24.25, 7.55],
			"to": [7.7, 26.55, 8.45],
			"rotation": {"angle": 0, "axis": "y", "origin": [7, 24.75, 7]},
			"faces": {
				"north": {"uv": [10, 14, 10.5, 15], "texture": "#4"},
				"east": {"uv": [10.5, 14, 11, 15], "texture": "#4"},
				"south": {"uv": [10, 14, 10.5, 15], "texture": "#4"},
				"west": {"uv": [10.5, 14, 11, 15], "texture": "#4"},
				"up": {"uv": [13.5, 15, 13, 14.5], "texture": "#4"},
				"down": {"uv": [13.5, 14.5, 13, 15], "texture": "#4"}
			}
		},
		{
			"from": [6.95, 24.25, 7.65],
			"to": [7.6, 26.65, 8.35],
			"rotation": {"angle": 0, "axis": "y", "origin": [7, 24.75, 7]},
			"faces": {
				"north": {"uv": [14, 10.5, 14.5, 11.5], "texture": "#4"},
				"east": {"uv": [11, 14, 11.5, 15], "texture": "#4"},
				"south": {"uv": [14, 10.5, 14.5, 11.5], "texture": "#4"},
				"west": {"uv": [11, 14, 11.5, 15], "texture": "#4"},
				"up": {"uv": [15, 13.5, 14.5, 13], "texture": "#4"},
				"down": {"uv": [15, 13, 14.5, 13.5], "texture": "#4"}
			}
		},
		{
			"from": [11.95, 22.65, 6.475],
			"to": [23.55, 23.5, 9.5],
			"rotation": {"angle": 0, "axis": "y", "origin": [7.5, 23.15, 7]},
			"faces": {
				"north": {"uv": [9, 2, 15, 2.5], "texture": "#4"},
				"east": {"uv": [12.5, 10.5, 14, 11], "texture": "#4"},
				"south": {"uv": [9, 2, 15, 2.5], "texture": "#4"},
				"west": {"uv": [12.5, 10.5, 14, 11], "texture": "#4"},
				"up": {"uv": [6, 4.5, 0, 3], "texture": "#4"},
				"down": {"uv": [6, 3, 0, 4.5], "texture": "#4"}
			}
		},
		{
			"from": [21.2, 22.8, 6.5],
			"to": [22.825, 23.65, 9.475],
			"rotation": {"angle": 22.5, "axis": "z", "origin": [22.0125, 23.225, 7.9875]},
			"faces": {
				"north": {"uv": [14, 5.5, 15, 6], "texture": "#4"},
				"east": {"uv": [13, 7.5, 14.5, 8], "texture": "#4"},
				"south": {"uv": [14, 5.5, 15, 6], "texture": "#4"},
				"west": {"uv": [13, 7.5, 14.5, 8], "texture": "#4"},
				"up": {"uv": [5, 13, 4, 11.5], "texture": "#4"},
				"down": {"uv": [5, 11.5, 4, 13], "texture": "#4"}
			}
		},
		{
			"from": [22.375, 22.8, 6.5],
			"to": [25.85, 23.65, 9.475],
			"rotation": {"angle": -22.5, "axis": "z", "origin": [23.1875, 23.225, 7.9875]},
			"faces": {
				"north": {"uv": [13, 11.5, 14.5, 12], "texture": "#4"},
				"east": {"uv": [13, 7.5, 14.5, 8], "texture": "#4"},
				"south": {"uv": [13, 11.5, 14.5, 12], "texture": "#4"},
				"west": {"uv": [13, 7.5, 14.5, 8], "texture": "#4"},
				"up": {"uv": [11, 9, 9.5, 7.5], "texture": "#4"},
				"down": {"uv": [11, 7.5, 9.5, 9], "texture": "#4"}
			}
		},
		{
			"from": [18.375, 21.3, 6.5],
			"to": [21.85, 22.15, 9.475],
			"rotation": {"angle": -22.5, "axis": "z", "origin": [19.1875, 21.725, 7.9875]},
			"faces": {
				"north": {"uv": [13, 11.5, 14.5, 12], "texture": "#4"},
				"east": {"uv": [13, 7.5, 14.5, 8], "texture": "#4"},
				"south": {"uv": [13, 11.5, 14.5, 12], "texture": "#4"},
				"west": {"uv": [13, 7.5, 14.5, 8], "texture": "#4"},
				"up": {"uv": [11, 9, 9.5, 7.5], "texture": "#4"},
				"down": {"uv": [11, 7.5, 9.5, 9], "texture": "#4"}
			}
		},
		{
			"from": [23.4, 18.15, 6.5],
			"to": [25.725, 22.9, 9.475],
			"rotation": {"angle": -22.5, "axis": "z", "origin": [24.2125, 18.575, 7.9875]},
			"faces": {
				"north": {"uv": [0, 9.5, 1, 12], "texture": "#4"},
				"east": {"uv": [6, 7.5, 7.5, 10], "texture": "#4"},
				"south": {"uv": [0, 9.5, 1, 12], "texture": "#4"},
				"west": {"uv": [6, 7.5, 7.5, 10], "texture": "#4"},
				"up": {"uv": [12.5, 6, 11.5, 4.5], "texture": "#4"},
				"down": {"uv": [12.5, 4.5, 11.5, 6], "texture": "#4"}
			}
		},
		{
			"from": [20.925, 20.225, 6.525],
			"to": [24.4, 21.075, 9.475],
			"rotation": {"angle": -45, "axis": "z", "origin": [21.7375, 20.65, 7.9875]},
			"faces": {
				"north": {"uv": [13, 11.5, 14.5, 12], "texture": "#4"},
				"east": {"uv": [13, 12, 14.5, 12.5], "texture": "#4"},
				"south": {"uv": [13, 11.5, 14.5, 12], "texture": "#4"},
				"west": {"uv": [13, 12, 14.5, 12.5], "texture": "#4"},
				"up": {"uv": [6, 11.5, 4.5, 10], "texture": "#4"},
				"down": {"uv": [6, 10, 4.5, 11.5], "texture": "#4"}
			}
		},
		{
			"from": [12.4, 21.6, 6.475],
			"to": [25.6, 22.65, 9.5],
			"rotation": {"angle": 0, "axis": "y", "origin": [7.5, 22.4, 7]},
			"faces": {
				"north": {"uv": [6, 4, 12.5, 4.5], "texture": "#4"},
				"east": {"uv": [13, 12.5, 14.5, 13], "texture": "#4"},
				"south": {"uv": [6, 4, 12.5, 4.5], "texture": "#4"},
				"west": {"uv": [13, 12.5, 14.5, 13], "texture": "#4"},
				"up": {"uv": [6.5, 3, 0, 1.5], "texture": "#4"},
				"down": {"uv": [6.5, 1.5, 0, 3], "texture": "#4"}
			}
		},
		{
			"from": [20.5, 21, 6.475],
			"to": [26.65, 21.6, 9.5],
			"rotation": {"angle": 0, "axis": "y", "origin": [7.5, 21.35, 7]},
			"faces": {
				"north": {"uv": [11.5, 0, 14.5, 0.5], "texture": "#4"},
				"east": {"uv": [13, 13, 14.5, 13.5], "texture": "#4"},
				"south": {"uv": [11.5, 0, 14.5, 0.5], "texture": "#4"},
				"west": {"uv": [13, 13, 14.5, 13.5], "texture": "#4"},
				"up": {"uv": [7.5, 7.5, 4.5, 6], "texture": "#4"},
				"down": {"uv": [7.5, 6, 4.5, 7.5], "texture": "#4"}
			}
		},
		{
			"from": [21.425, 20.35, 6.475],
			"to": [26.475, 21, 9.5],
			"rotation": {"angle": 0, "axis": "y", "origin": [7.5, 20.75, 7]},
			"faces": {
				"north": {"uv": [11.5, 0.5, 14, 1], "texture": "#4"},
				"east": {"uv": [13.5, 1, 15, 1.5], "texture": "#4"},
				"south": {"uv": [11.5, 0.5, 14, 1], "texture": "#4"},
				"west": {"uv": [13.5, 1, 15, 1.5], "texture": "#4"},
				"up": {"uv": [9, 3, 6.5, 1.5], "texture": "#4"},
				"down": {"uv": [9, 1.5, 6.5, 3], "texture": "#4"}
			}
		},
		{
			"from": [22.575, 19.275, 6.475],
			"to": [25.95, 20.35, 9.5],
			"rotation": {"angle": 0, "axis": "y", "origin": [7.5, 20.1, 7]},
			"faces": {
				"north": {"uv": [13.5, 1.5, 15, 2], "texture": "#4"},
				"east": {"uv": [13.5, 3, 15, 3.5], "texture": "#4"},
				"south": {"uv": [13.5, 1.5, 15, 2], "texture": "#4"},
				"west": {"uv": [13.5, 3, 15, 3.5], "texture": "#4"},
				"up": {"uv": [7.5, 11.5, 6, 10], "texture": "#4"},
				"down": {"uv": [7.5, 10, 6, 11.5], "texture": "#4"}
			}
		},
		{
			"from": [12.125, 21.575, 6.5],
			"to": [12.575, 22.725, 9.475],
			"rotation": {"angle": 22.5, "axis": "z", "origin": [12.2125, 22.275, 7.9875]},
			"faces": {
				"north": {"uv": [13.5, 14.5, 14, 15], "texture": "#4"},
				"east": {"uv": [13.5, 3.5, 15, 4], "texture": "#4"},
				"south": {"uv": [13.5, 14.5, 14, 15], "texture": "#4"},
				"west": {"uv": [13.5, 3.5, 15, 4], "texture": "#4"},
				"up": {"uv": [10, 14.5, 9.5, 13], "texture": "#4"},
				"down": {"uv": [10, 13, 9.5, 14.5], "texture": "#4"}
			}
		},
		{
			"from": [1.475, 18.5, 6.5],
			"to": [3.75, 25, 9.5],
			"rotation": {"angle": 0, "axis": "y", "origin": [7, 22.5, 7]},
			"faces": {
				"north": {"uv": [7.5, 6, 8.5, 9.5], "texture": "#4"},
				"east": {"uv": [0, 6, 1.5, 9.5], "texture": "#4"},
				"south": {"uv": [7.5, 6, 8.5, 9.5], "texture": "#4"},
				"west": {"uv": [0, 6, 1.5, 9.5], "texture": "#4"},
				"up": {"uv": [4, 12.5, 3, 11], "texture": "#4"},
				"down": {"uv": [4, 11, 3, 12.5], "texture": "#4"}
			}
		},
		{
			"from": [1.525, 20.525, 4.65],
			"to": [3.725, 22.95, 11.35],
			"rotation": {"angle": 45, "axis": "x", "origin": [2.625, 21.75, 8]},
			"faces": {
				"north": {"uv": [2.5, 12.5, 3.5, 13.5], "texture": "#4"},
				"east": {"uv": [8, 0, 11.5, 1], "texture": "#4"},
				"south": {"uv": [2.5, 12.5, 3.5, 13.5], "texture": "#4"},
				"west": {"uv": [8, 0, 11.5, 1], "texture": "#4"},
				"up": {"uv": [9.5, 9.5, 8.5, 6], "texture": "#4"},
				"down": {"uv": [9.5, 6, 8.5, 9.5], "texture": "#4"}
			}
		},
		{
			"from": [1.525, 20.525, 4.65],
			"to": [3.725, 23, 11.35],
			"rotation": {"angle": -45, "axis": "x", "origin": [2.625, 21.75, 8]},
			"faces": {
				"north": {"uv": [12.5, 3, 13.5, 4], "texture": "#4"},
				"east": {"uv": [9, 1, 12.5, 2], "texture": "#4"},
				"south": {"uv": [12.5, 3, 13.5, 4], "texture": "#4"},
				"west": {"uv": [9, 1, 12.5, 2], "texture": "#4"},
				"up": {"uv": [9.5, 9.5, 8.5, 6], "texture": "#4"},
				"down": {"uv": [9.5, 6, 8.5, 9.5], "texture": "#4"}
			}
		},
		{
			"from": [1.5, 20.25, 4.75],
			"to": [3.775, 23.25, 11.25],
			"rotation": {"angle": 0, "axis": "y", "origin": [2.625, 21.75, 8]},
			"faces": {
				"north": {"uv": [3, 11, 4, 12.5], "texture": "#4"},
				"east": {"uv": [0, 6, 1.5, 9.5], "texture": "#4"},
				"south": {"uv": [3, 11, 4, 12.5], "texture": "#4"},
				"west": {"uv": [0, 6, 1.5, 9.5], "texture": "#4"},
				"up": {"uv": [8.5, 9.5, 7.5, 6], "texture": "#4"},
				"down": {"uv": [8.5, 6, 7.5, 9.5], "texture": "#4"}
			}
		},
		{
			"from": [3.475, 20.9, 7.65],
			"to": [4.4, 25, 8.35],
			"rotation": {"angle": 0, "axis": "y", "origin": [9, 22.5, 7]},
			"faces": {
				"north": {"uv": [10.5, 12, 11, 14], "texture": "#4"},
				"east": {"uv": [3.5, 12.5, 4, 14.5], "texture": "#4"},
				"south": {"uv": [10.5, 12, 11, 14], "texture": "#4"},
				"west": {"uv": [3.5, 12.5, 4, 14.5], "texture": "#4"},
				"up": {"uv": [15, 14, 14.5, 13.5], "texture": "#4"},
				"down": {"uv": [15, 13.5, 14.5, 14], "texture": "#4"}
			}
		},
		{
			"from": [4.4, 22.65, 7.65],
			"to": [8.55, 25, 8.35],
			"rotation": {"angle": 0, "axis": "y", "origin": [9.925, 22.5, 7]},
			"faces": {
				"north": {"uv": [7.5, 11, 9.5, 12], "texture": "#4"},
				"east": {"uv": [11.5, 14, 12, 15], "texture": "#4"},
				"south": {"uv": [7.5, 11, 9.5, 12], "texture": "#4"},
				"west": {"uv": [11.5, 14, 12, 15], "texture": "#4"},
				"up": {"uv": [14.5, 4.5, 12.5, 4], "texture": "#4"},
				"down": {"uv": [14.5, 4, 12.5, 4.5], "texture": "#4"}
			}
		},
		{
			"from": [4.4, 20.9, 7.65],
			"to": [6.725, 21.2, 8.35],
			"rotation": {"angle": 0, "axis": "y", "origin": [9.925, 20.75, 7]},
			"faces": {
				"north": {"uv": [12, 14, 13, 14.5], "texture": "#4"},
				"east": {"uv": [14, 14.5, 14.5, 15], "texture": "#4"},
				"south": {"uv": [12, 14, 13, 14.5], "texture": "#4"},
				"west": {"uv": [14, 14.5, 14.5, 15], "texture": "#4"},
				"up": {"uv": [14, 14.5, 13, 14], "texture": "#4"},
				"down": {"uv": [14, 14, 13, 14.5], "texture": "#4"}
			}
		},
		{
			"from": [6.8875, 20.8875, 7.675],
			"to": [7.1875, 23.2125, 8.325],
			"rotation": {"angle": -22.5, "axis": "z", "origin": [7.0375, 22.05, 8]},
			"faces": {
				"north": {"uv": [12, 14, 13, 14.5], "texture": "#4"},
				"east": {"uv": [14, 13.5, 14.5, 14.5], "texture": "#4"},
				"south": {"uv": [12, 14, 13, 14.5], "texture": "#4"},
				"west": {"uv": [14, 13.5, 14.5, 14.5], "texture": "#4"},
				"up": {"uv": [15, 14.5, 14.5, 14], "texture": "#4"},
				"down": {"uv": [15, 14, 14.5, 14.5], "texture": "#4"}
			}
		},
		{
			"from": [6.8875, 22.0375, 7.7],
			"to": [7.5875, 23.2125, 8.3],
			"rotation": {"angle": 45, "axis": "z", "origin": [7.0375, 22.05, 8]},
			"faces": {
				"north": {"uv": [14.5, 14.5, 15, 15], "texture": "#4"},
				"east": {"uv": [15, 0.5, 15.5, 1], "texture": "#4"},
				"south": {"uv": [14.5, 14.5, 15, 15], "texture": "#4"},
				"west": {"uv": [15, 0.5, 15.5, 1], "texture": "#4"},
				"up": {"uv": [15.5, 1.5, 15, 1], "texture": "#4"},
				"down": {"uv": [15.5, 1, 15, 1.5], "texture": "#4"}
			}
		},
		{
			"from": [7.3875, 20.4375, 7.725],
			"to": [9.0625, 22.6625, 8.275],
			"rotation": {"angle": 22.5, "axis": "z", "origin": [8.2875, 21.3, 8]},
			"faces": {
				"north": {"uv": [12.5, 4.5, 13.5, 5.5], "texture": "#4"},
				"east": {"uv": [0, 14.5, 0.5, 15.5], "texture": "#4"},
				"south": {"uv": [12.5, 4.5, 13.5, 5.5], "texture": "#4"},
				"west": {"uv": [0, 14.5, 0.5, 15.5], "texture": "#4"},
				"up": {"uv": [15.5, 0.5, 14.5, 0], "texture": "#4"},
				"down": {"uv": [15.5, 0, 14.5, 0.5], "texture": "#4"}
			}
		},
		{
			"from": [8.0875, 19.6375, 7.725],
			"to": [9.2625, 20.3125, 8.275],
			"rotation": {"angle": 22.5, "axis": "z", "origin": [8.2875, 19.5, 8]},
			"faces": {
				"north": {"uv": [1.5, 15, 2, 15.5], "texture": "#4"},
				"east": {"uv": [15, 1.5, 15.5, 2], "texture": "#4"},
				"south": {"uv": [1.5, 15, 2, 15.5], "texture": "#4"},
				"west": {"uv": [15, 1.5, 15.5, 2], "texture": "#4"},
				"up": {"uv": [2.5, 15.5, 2, 15], "texture": "#4"},
				"down": {"uv": [2.5, 15, 2, 15.5], "texture": "#4"}
			}
		},
		{
			"from": [8.64554, 20.39298, 7.75],
			"to": [9.32054, 20.81798, 8.25],
			"rotation": {"angle": 0, "axis": "y", "origin": [8.98304, 20.45548, 8]},
			"faces": {
				"north": {"uv": [15, 2, 15.5, 2.5], "texture": "#4"},
				"east": {"uv": [2.5, 15, 3, 15.5], "texture": "#4"},
				"south": {"uv": [15, 2, 15.5, 2.5], "texture": "#4"},
				"west": {"uv": [2.5, 15, 3, 15.5], "texture": "#4"},
				"up": {"uv": [3.5, 15.5, 3, 15], "texture": "#4"},
				"down": {"uv": [3.5, 15, 3, 15.5], "texture": "#4"}
			}
		},
		{
			"from": [8.19554, 20.09298, 7.775],
			"to": [9.24554, 20.54298, 8.25],
			"rotation": {"angle": -22.5, "axis": "z", "origin": [8.90804, 20.30548, 8]},
			"faces": {
				"north": {"uv": [15, 3, 15.5, 3.5], "texture": "#4"},
				"east": {"uv": [3.5, 15, 4, 15.5], "texture": "#4"},
				"south": {"uv": [15, 3, 15.5, 3.5], "texture": "#4"},
				"west": {"uv": [3.5, 15, 4, 15.5], "texture": "#4"},
				"up": {"uv": [15.5, 4, 15, 3.5], "texture": "#4"},
				"down": {"uv": [15.5, 3.5, 15, 4], "texture": "#4"}
			}
		},
		{
			"from": [7.84554, 19.56798, 7.775],
			"to": [8.37054, 20.54298, 8.25],
			"rotation": {"angle": -22.5, "axis": "z", "origin": [8.15804, 20.30548, 8]},
			"faces": {
				"north": {"uv": [4, 15, 4.5, 15.5], "texture": "#4"},
				"east": {"uv": [15, 4, 15.5, 4.5], "texture": "#4"},
				"south": {"uv": [4, 15, 4.5, 15.5], "texture": "#4"},
				"west": {"uv": [15, 4, 15.5, 4.5], "texture": "#4"},
				"up": {"uv": [5, 15.5, 4.5, 15], "texture": "#4"},
				"down": {"uv": [5, 15, 4.5, 15.5], "texture": "#4"}
			}
		},
		{
			"from": [7.47054, 20.81798, 7.775],
			"to": [7.99554, 21.79298, 8.25],
			"rotation": {"angle": -22.5, "axis": "z", "origin": [7.78304, 21.55548, 8]},
			"faces": {
				"north": {"uv": [4, 15, 4.5, 15.5], "texture": "#4"},
				"east": {"uv": [15, 4, 15.5, 4.5], "texture": "#4"},
				"south": {"uv": [4, 15, 4.5, 15.5], "texture": "#4"},
				"west": {"uv": [15, 4, 15.5, 4.5], "texture": "#4"},
				"up": {"uv": [5, 15.5, 4.5, 15], "texture": "#4"},
				"down": {"uv": [5, 15, 4.5, 15.5], "texture": "#4"}
			}
		},
		{
			"from": [8.65, 22.6, 7.675],
			"to": [9.025, 24.95, 8.325],
			"rotation": {"angle": -22.5, "axis": "z", "origin": [8.925, 23.775, 8]},
			"faces": {
				"north": {"uv": [0.5, 14.5, 1, 15.5], "texture": "#4"},
				"east": {"uv": [1, 14.5, 1.5, 15.5], "texture": "#4"},
				"south": {"uv": [0.5, 14.5, 1, 15.5], "texture": "#4"},
				"west": {"uv": [1, 14.5, 1.5, 15.5], "texture": "#4"},
				"up": {"uv": [15.5, 5, 15, 4.5], "texture": "#4"},
				"down": {"uv": [15.5, 4.5, 15, 5], "texture": "#4"}
			}
		},
		{
			"from": [6.925, 22.675, 7.7],
			"to": [8.55, 23.05, 8.3],
			"rotation": {"angle": 22.5, "axis": "z", "origin": [8.425, 22.775, 8]},
			"faces": {
				"north": {"uv": [1.5, 14.5, 2.5, 15], "texture": "#4"},
				"east": {"uv": [5, 15, 5.5, 15.5], "texture": "#4"},
				"south": {"uv": [1.5, 14.5, 2.5, 15], "texture": "#4"},
				"west": {"uv": [5, 15, 5.5, 15.5], "texture": "#4"},
				"up": {"uv": [3.5, 15, 2.5, 14.5], "texture": "#4"},
				"down": {"uv": [3.5, 14.5, 2.5, 15], "texture": "#4"}
			}
		},
		{
			"from": [10.15, 18.05, 6.8],
			"to": [10.5, 23.5, 7.2],
			"rotation": {"angle": 0, "axis": "y", "origin": [7, 21, 6]},
			"faces": {
				"north": {"uv": [0.5, 12, 1, 14.5], "texture": "#4"},
				"east": {"uv": [1, 12, 1.5, 14.5], "texture": "#4"},
				"south": {"uv": [0.5, 12, 1, 14.5], "texture": "#4"},
				"west": {"uv": [1, 12, 1.5, 14.5], "texture": "#4"},
				"up": {"uv": [15.5, 5.5, 15, 5], "texture": "#4"},
				"down": {"uv": [15.5, 5, 15, 5.5], "texture": "#4"}
			}
		},
		{
			"from": [0.15, 18.05, 8.55],
			"to": [0.5, 23.5, 8.95],
			"rotation": {"angle": 0, "axis": "y", "origin": [-3, 21, 7.75]},
			"faces": {
				"north": {"uv": [0.5, 12, 1, 14.5], "texture": "#4"},
				"east": {"uv": [1, 12, 1.5, 14.5], "texture": "#4"},
				"south": {"uv": [0.5, 12, 1, 14.5], "texture": "#4"},
				"west": {"uv": [1, 12, 1.5, 14.5], "texture": "#4"},
				"up": {"uv": [15.5, 5.5, 15, 5], "texture": "#4"},
				"down": {"uv": [15.5, 5, 15, 5.5], "texture": "#4"}
			}
		},
		{
			"from": [0.15, 18.05, 7.05],
			"to": [0.5, 23.5, 7.45],
			"rotation": {"angle": 0, "axis": "y", "origin": [-3, 21, 6.25]},
			"faces": {
				"north": {"uv": [0.5, 12, 1, 14.5], "texture": "#4"},
				"east": {"uv": [1, 12, 1.5, 14.5], "texture": "#4"},
				"south": {"uv": [0.5, 12, 1, 14.5], "texture": "#4"},
				"west": {"uv": [1, 12, 1.5, 14.5], "texture": "#4"},
				"up": {"uv": [15.5, 5.5, 15, 5], "texture": "#4"},
				"down": {"uv": [15.5, 5, 15, 5.5], "texture": "#4"}
			}
		},
		{
			"from": [-0.1, 17.825, 6.55],
			"to": [10.75, 18.25, 9.45],
			"rotation": {"angle": 0, "axis": "y", "origin": [-3, 21, 6.25]},
			"faces": {
				"north": {"uv": [9, 2.5, 14.5, 3], "texture": "#4"},
				"east": {"uv": [13.5, 4.5, 15, 5], "texture": "#4"},
				"south": {"uv": [9, 2.5, 14.5, 3], "texture": "#4"},
				"west": {"uv": [13.5, 4.5, 15, 5], "texture": "#4"},
				"up": {"uv": [5.5, 6, 0, 4.5], "texture": "#4"},
				"down": {"uv": [5.5, 4.5, 0, 6], "texture": "#4"}
			}
		},
		{
			"from": [10.15, 18.05, 8.8],
			"to": [10.5, 23.5, 9.2],
			"rotation": {"angle": 0, "axis": "y", "origin": [7, 21, 8]},
			"faces": {
				"north": {"uv": [0.5, 12, 1, 14.5], "texture": "#4"},
				"east": {"uv": [1, 12, 1.5, 14.5], "texture": "#4"},
				"south": {"uv": [0.5, 12, 1, 14.5], "texture": "#4"},
				"west": {"uv": [1, 12, 1.5, 14.5], "texture": "#4"},
				"up": {"uv": [15.5, 5.5, 15, 5], "texture": "#4"},
				"down": {"uv": [15.5, 5, 15, 5.5], "texture": "#4"}
			}
		},
		{
			"name": "Wooden_Base",
			"from": [4.25, 8.225, 7.25],
			"to": [6.25, 18.075, 8.75],
			"rotation": {"angle": 0, "axis": "y", "origin": [5.25, 7.075, 8]},
			"faces": {
				"north": {"uv": [1.5, 6, 2.5, 11], "texture": "#4"},
				"east": {"uv": [2.5, 6, 3.5, 11], "texture": "#4"},
				"south": {"uv": [1.5, 6, 2.5, 11], "texture": "#4"},
				"west": {"uv": [2.5, 6, 3.5, 11], "texture": "#4"},
				"up": {"uv": [6, 13.5, 5, 12.5], "texture": "#4"},
				"down": {"uv": [5, 12.5, 6, 13.5], "texture": "#4"}
			}
		},
		{
			"name": "Wooden_Base",
			"from": [4.5, 8.225, 7],
			"to": [6, 18.075, 9],
			"rotation": {"angle": 0, "axis": "y", "origin": [5.25, 7.075, 8]},
			"faces": {
				"north": {"uv": [2.5, 6, 3.5, 11], "texture": "#4"},
				"east": {"uv": [1.5, 6, 2.5, 11], "texture": "#4"},
				"south": {"uv": [2.5, 6, 3.5, 11], "texture": "#4"},
				"west": {"uv": [3.5, 6, 4.5, 11], "texture": "#4"},
				"up": {"uv": [8.5, 13.5, 7.5, 12.5], "texture": "#4"},
				"down": {"uv": [7.5, 12.5, 8.5, 13.5], "texture": "#4"}
			}
		},
		{
			"name": "Wooden_Base",
			"from": [4.25, -1.75, 7.25],
			"to": [6.25, 8.225, 8.75],
			"rotation": {"angle": 0, "axis": "y", "origin": [5.25, -4, 8]},
			"faces": {
				"north": {"uv": [1.5, 6, 2.5, 11], "texture": "#4"},
				"east": {"uv": [2.5, 6, 3.5, 11], "texture": "#4"},
				"south": {"uv": [1.5, 6, 2.5, 11], "texture": "#4"},
				"west": {"uv": [2.5, 6, 3.5, 11], "texture": "#4"},
				"up": {"uv": [5, 12.5, 6, 13.5], "texture": "#4"},
				"down": {"uv": [5, 12.5, 6, 13.5], "texture": "#4"}
			}
		},
		{
			"name": "Wooden_Base",
			"from": [4.5, -1.75, 7],
			"to": [6, 8.225, 9],
			"rotation": {"angle": 0, "axis": "y", "origin": [5.25, -4, 8]},
			"faces": {
				"north": {"uv": [2.5, 6, 3.5, 11], "texture": "#4"},
				"east": {"uv": [1.5, 6, 2.5, 11], "texture": "#4"},
				"south": {"uv": [2.5, 6, 3.5, 11], "texture": "#4"},
				"west": {"uv": [3.5, 6, 4.5, 11], "texture": "#4"},
				"up": {"uv": [7.5, 12.5, 8.5, 13.5], "texture": "#4"},
				"down": {"uv": [7.5, 12.5, 8.5, 13.5], "texture": "#4"}
			}
		},
		{
			"name": "Rubber_Base",
			"from": [4.25, -4, 7],
			"to": [6.25, -3.75, 9],
			"rotation": {"angle": 0, "axis": "y", "origin": [5.25, 7, 8]},
			"faces": {
				"north": {"uv": [14.5, 2.5, 15.5, 3], "texture": "#4"},
				"east": {"uv": [14.5, 2.5, 15.5, 3], "texture": "#4"},
				"south": {"uv": [14.5, 2.5, 15.5, 3], "texture": "#4"},
				"west": {"uv": [14.5, 2.5, 15.5, 3], "texture": "#4"},
				"up": {"uv": [9.5, 13.5, 8.5, 12.5], "texture": "#4"},
				"down": {"uv": [8.5, 12.5, 9.5, 13.5], "texture": "#4"}
			}
		},
		{
			"name": "Rubber_Base",
			"from": [4.25, -3.75, 6.75],
			"to": [6.25, -1.75, 9.25],
			"rotation": {"angle": 0, "axis": "y", "origin": [5.25, 7.25, 8]},
			"faces": {
				"north": {"uv": [8.5, 12.5, 9.5, 13.5], "texture": "#4"},
				"east": {"uv": [5, 11.5, 6.5, 12.5], "texture": "#4"},
				"south": {"uv": [8.5, 12.5, 9.5, 13.5], "texture": "#4"},
				"west": {"uv": [5, 11.5, 6.5, 12.5], "texture": "#4"},
				"up": {"uv": [7.5, 13, 6.5, 11.5], "texture": "#4"},
				"down": {"uv": [6.5, 11.5, 7.5, 13], "texture": "#4"}
			}
		},
		{
			"name": "Rubber_Base",
			"from": [4, -3.75, 7],
			"to": [6.5, -1.75, 9],
			"rotation": {"angle": 0, "axis": "y", "origin": [5.25, 7.25, 8]},
			"faces": {
				"north": {"uv": [5, 11.5, 6.5, 12.5], "texture": "#4"},
				"east": {"uv": [8.5, 12.5, 9.5, 13.5], "texture": "#4"},
				"south": {"uv": [5, 11.5, 6.5, 12.5], "texture": "#4"},
				"west": {"uv": [8.5, 12.5, 9.5, 13.5], "texture": "#4"},
				"up": {"uv": [5, 11.5, 6.5, 12.5], "texture": "#4"},
				"down": {"uv": [5, 11.5, 6.5, 12.5], "texture": "#4"}
			}
		}
	],
	"display": {
		"thirdperson_righthand": {
			"rotation": [0, -90, 0],
			"translation": [0, 2.75, 2.25],
			"scale": [0.43, 0.43, 0.43]
		},
		"thirdperson_lefthand": {
			"rotation": [0, 90, 0],
			"translation": [0, 2.75, 2.25],
			"scale": [0.43, 0.43, 0.43]
		},
		"firstperson_righthand": {
			"rotation": [-30, -90, 0],
			"translation": [0, 1.25, 2.25],
			"scale": [0.45, 0.45, 0.45]
		},
		"firstperson_lefthand": {
			"rotation": [-30, 90, 0],
			"translation": [0, 1.25, 2.25],
			"scale": [0.45, 0.45, 0.45]
		},
		"ground": {
			"translation": [0, 2.25, 0],
			"scale": [0.32, 0.32, 0.32]
		},
		"gui": {
			"rotation": [0, 0, 49],
			"translation": [4.25, -2.25, 0],
			"scale": [0.41773, 0.41773, 0.41773]
		},
		"fixed": {
			"rotation": [180, 0, -139],
			"translation": [-3.75, -2, 0],
			"scale": [0.43, 0.43, 0.43]
		}
	},
	"groups": [
		{
			"name": "Barrel",
			"origin": [8, 8, 8],
			"color": 0,
			"children": [0, 1, 2, 3, 4, 5, 6, 7, 8, 9, 10, 11, 12, 13, 14, 15, 16, 17, 18, 19]
		},
		{
			"name": "Front Grip",
			"origin": [8, 8, 8],
			"color": 2,
			"children": [20, 21, 22, 23, 24, 25, 26, 27, 28, 29, 30, 31, 32, 33]
		},
		{
			"name": "Sights",
			"origin": [8, 8, 8],
			"color": 1,
			"children": [34, 35, 36, 37, 38, 39, 40, 41, 42, 43, 44, 45]
		},
		{
			"name": "Stock",
			"origin": [8, 8, 8],
			"color": 2,
			"children": [46, 47, 48, 49, 50, 51, 52, 53, 54, 55, 56]
		},
		{
			"name": "Drum",
			"origin": [8, 8, 8],
			"color": 0,
			"children": [57, 58, 59, 60]
		},
		{
			"name": "Trigger",
			"origin": [8, 8, 8],
			"color": 0,
			"children": [
				61,
				62,
				63,
				64,
				65,
				{
					"name": "Grip",
					"origin": [8.2875, 21.3, 8],
					"color": 2,
					"children": [66, 67, 68, 69, 70, 71]
				},
				72,
				73
			]
		},
		{
			"name": "mountingBracket",
			"origin": [8, 8, 8],
			"color": 3,
			"children": [74, 75, 76, 77, 78]
		},
		{
			"name": "Handle",
			"origin": [5.25, 7.075, 8],
			"color": 0,
			"children": [79, 80, 81, 82, 83, 84, 85]
		}
	]
}