{
	"credit": "Made with Blockbench",
	"textures": {
		"0": "optifine/cit/crates/basic_crate_block",
		"1": "optifine/cit/crates/legendary_crate_wood",
		"particle": "optifine/cit/crates/basic_crate_block"
	},
	"elements": [
		{
			"from": [0, 1, 0],
			"to": [16, 13, 16],
			"rotation": {"angle": 0, "axis": "y", "origin": [8, 7, 8]},
			"faces": {
				"north": {"uv": [0, 0, 16, 12], "rotation": 180, "texture": "#1"},
				"east": {"uv": [0, 0, 16, 12], "texture": "#1"},
				"south": {"uv": [0, 0, 16, 12], "texture": "#1"},
				"west": {"uv": [0, 4, 16, 16], "texture": "#1"},
				"up": {"uv": [0, 0, 16, 16], "rotation": 180, "texture": "#1"},
				"down": {"uv": [0, 0, 16, 16], "rotation": 180, "texture": "#1"}
			}
		},
		{
			"from": [0, 13, 3],
			"to": [16, 16, 13],
			"rotation": {"angle": 0, "axis": "y", "origin": [8, 14.5, 8]},
			"faces": {
				"north": {"uv": [0, 0, 16, 3], "texture": "#1"},
				"east": {"uv": [2.99167, 0, 12.99167, 3], "texture": "#1"},
				"south": {"uv": [0, 0, 16, 3], "texture": "#1"},
				"west": {"uv": [2.99375, 0, 12.99375, 3], "texture": "#1"},
				"up": {"uv": [0, 0, 16, 10], "texture": "#1"},
				"down": {"uv": [0, 0, 16, 10], "rotation": 180, "texture": "#1"}
			}
		},
		{
			"from": [0, 13, 1.25],
			"to": [1.25, 14.75, 3],
			"rotation": {"angle": 0, "axis": "y", "origin": [0, 3, 0]},
			"faces": {
				"north": {"uv": [0, 0, 1.25, 1.75], "texture": "#1"},
				"east": {"uv": [0, 0, 1.75, 1.75], "texture": "#1"},
				"south": {"uv": [0, 0, 1.25, 1.75], "texture": "#1"},
				"west": {"uv": [0.75833, 0, 2.50833, 1.75], "texture": "#1"},
				"up": {"uv": [0, 0, 1.25, 1.75], "texture": "#1"},
				"down": {"uv": [0, 0, 1.25, 1.75], "texture": "#1"}
			}
		},
		{
			"from": [0, 13, 13],
			"to": [1.25, 14.75, 14.75],
			"rotation": {"angle": 0, "axis": "y", "origin": [0, 3, 11.75]},
			"faces": {
				"north": {"uv": [0, 0, 1.25, 1.75], "texture": "#1"},
				"east": {"uv": [0, 0, 1.75, 1.75], "texture": "#1"},
				"south": {"uv": [0, 0, 1.25, 1.75], "texture": "#1"},
				"west": {"uv": [2.5, 0, 4.25, 1.75], "texture": "#1"},
				"up": {"uv": [0, 0, 1.25, 1.75], "texture": "#1"},
				"down": {"uv": [0, 0, 1.25, 1.75], "texture": "#1"}
			}
		},
		{
			"from": [14.75, 13, 1.25],
			"to": [16, 14.75, 3],
			"rotation": {"angle": 0, "axis": "y", "origin": [14.75, 3, 0]},
			"faces": {
				"north": {"uv": [0, 0, 1.25, 1.75], "texture": "#1"},
				"east": {"uv": [13.00625, 0, 14.75625, 1.75], "texture": "#1"},
				"south": {"uv": [0, 0, 1.25, 1.75], "texture": "#1"},
				"west": {"uv": [0, 0, 1.75, 1.75], "texture": "#1"},
				"up": {"uv": [0, 0, 1.25, 1.75], "texture": "#1"},
				"down": {"uv": [0, 0, 1.25, 1.75], "texture": "#1"}
			}
		},
		{
			"from": [14.75, 13, 13],
			"to": [16, 14.75, 14.75],
			"rotation": {"angle": 0, "axis": "y", "origin": [14.75, 3, 11.75]},
			"faces": {
				"north": {"uv": [0, 0, 1.25, 1.75], "texture": "#1"},
				"east": {"uv": [0.75833, 0, 2.50833, 1.75], "texture": "#1"},
				"south": {"uv": [0, 0, 1.25, 1.75], "texture": "#1"},
				"west": {"uv": [0, 0, 1.75, 1.75], "texture": "#1"},
				"up": {"uv": [0, 0, 1.25, 1.75], "texture": "#1"},
				"down": {"uv": [0, 0, 1.25, 1.75], "texture": "#1"}
			}
		},
		{
			"from": [0.05, 11.5, 0.62132],
			"to": [15.95, 15.75, 2.87132],
			"rotation": {"angle": 45, "axis": "x", "origin": [8, 13, 2.12132]},
			"faces": {
				"north": {"uv": [0.1, 0.1, 16, 4.35], "rotation": 180, "texture": "#1"},
				"east": {"uv": [0, 0, 2.25, 4.25], "texture": "#1"},
				"south": {"uv": [0, 0, 15.9, 4.25], "texture": "#1"},
				"west": {"uv": [0, 0, 2.25, 4.25], "texture": "#1"},
				"up": {"uv": [0, 0, 15.9, 2.25], "texture": "#1"},
				"down": {"uv": [0, 0, 15.9, 2.25], "texture": "#1"}
			}
		},
		{
			"from": [0.025, 13.13388, 11.4948],
			"to": [15.925, 15.38388, 15.7448],
			"rotation": {"angle": 45, "axis": "x", "origin": [7.975, 13.88388, 12.9948]},
			"faces": {
				"north": {"uv": [0, 0, 15.9, 2.25], "rotation": 180, "texture": "#1"},
				"east": {"uv": [0, 0, 2.25, 4.25], "rotation": 270, "texture": "#1"},
				"south": {"uv": [0, 0, 15.9, 2.25], "texture": "#1"},
				"west": {"uv": [0, 0, 2.25, 4.25], "rotation": 90, "texture": "#1"},
				"up": {"uv": [0, 0, 15.9, 4.25], "texture": "#1"},
				"down": {"uv": [0, 0, 15.9, 4.25], "texture": "#1"}
			}
		},
		{
			"from": [9.5, 12, -0.5],
			"to": [11.35, 13, 1.25],
			"rotation": {"angle": 0, "axis": "y", "origin": [9.85, 0, 0]},
			"faces": {
				"north": {"uv": [0, 0, 1.85, 1], "texture": "#0"},
				"east": {"uv": [0, 0, 1.75, 1], "texture": "#0"},
				"south": {"uv": [0, 0, 1.85, 1], "texture": "#0"},
				"west": {"uv": [0, 0, 1.75, 1], "texture": "#0"},
				"up": {"uv": [0, 0, 1.85, 1.75], "texture": "#0"},
				"down": {"uv": [0, 0, 1.85, 1.75], "texture": "#0"}
			}
		},
		{
			"from": [-0.5, 10, -0.5],
			"to": [16.5, 12, 16.5],
			"rotation": {"angle": 0, "axis": "y", "origin": [0, -1, 0]},
			"faces": {
				"north": {"uv": [0, 0, 16, 2], "texture": "#0"},
				"east": {"uv": [0, 0, 16, 2], "texture": "#0"},
				"south": {"uv": [0, 0, 16, 2], "texture": "#0"},
				"west": {"uv": [0, 0, 16, 2], "texture": "#0"},
				"up": {"uv": [0, 0, 16, 16], "texture": "#0"},
				"down": {"uv": [0, 0, 16, 16], "texture": "#0"}
			}
		},
		{
			"from": [-0.35, 12, -0.5],
			"to": [1.5, 13, 1.25],
			"faces": {
				"north": {"uv": [0, 0, 1.85, 1], "texture": "#0"},
				"east": {"uv": [0, 0, 1.75, 1], "texture": "#0"},
				"south": {"uv": [0, 0, 1.85, 1], "texture": "#0"},
				"west": {"uv": [0, 0, 1.75, 1], "texture": "#0"},
				"up": {"uv": [0, 0, 1.85, 1.75], "texture": "#0"},
				"down": {"uv": [0, 0, 1.85, 1.75], "texture": "#0"}
			}
		},
		{
			"from": [-0.35, 12, 14.75],
			"to": [1.5, 13, 16.5],
			"rotation": {"angle": 0, "axis": "y", "origin": [0, 0, 15]},
			"faces": {
				"north": {"uv": [2, 5, 3.85, 6], "texture": "#0"},
				"east": {"uv": [0, 0, 1.75, 1], "texture": "#0"},
				"south": {"uv": [0, 0, 1.85, 1], "texture": "#0"},
				"west": {"uv": [1, 2, 2.75, 3], "texture": "#0"},
				"up": {"uv": [0, 0, 1.85, 1.75], "texture": "#0"},
				"down": {"uv": [0, 0, 1.85, 1.75], "texture": "#0"}
			}
		},
		{
			"from": [-0.35, 15, 2.75],
			"to": [1.5, 16.25, 13.25],
			"rotation": {"angle": 0, "axis": "y", "origin": [0, 3, 12]},
			"faces": {
				"north": {"uv": [0, 0, 1.85, 1.25], "texture": "#0"},
				"east": {"uv": [0, 0, 10.5, 1.25], "texture": "#0"},
				"south": {"uv": [0, 0, 1.85, 1.25], "texture": "#0"},
				"west": {"uv": [1.25, 0.25, 11.75, 1.5], "texture": "#0"},
				"up": {"uv": [0, 2, 1.85, 12.5], "texture": "#0"},
				"down": {"uv": [0, 0, 1.85, 10.5], "texture": "#0"}
			}
		},
		{
			"from": [-0.325, 13.68046, 12.18566],
			"to": [1.475, 14.93046, 16.78566],
			"rotation": {"angle": 45, "axis": "x", "origin": [0.575, 14.30546, 14.31066]},
			"faces": {
				"north": {"uv": [0, 0, 1.8, 1.25], "texture": "#0"},
				"east": {"uv": [0, 0, 4.6, 1.25], "texture": "#0"},
				"south": {"uv": [0, 0, 1.8, 1.25], "texture": "#0"},
				"west": {"uv": [11.4, 0.375, 16, 1.625], "texture": "#0"},
				"up": {"uv": [0, 5, 1.8, 9.6], "texture": "#0"},
				"down": {"uv": [0, 0, 1.8, 4.6], "texture": "#0"}
			}
		},
		{
			"from": [-0.325, 13.43297, -0.68315],
			"to": [1.475, 14.68297, 3.91685],
			"rotation": {"angle": -45, "axis": "x", "origin": [0.575, 14.05797, 1.44185]},
			"faces": {
				"north": {"uv": [0, 0, 1.8, 1.25], "texture": "#0"},
				"east": {"uv": [0, 0, 4.6, 1.25], "texture": "#0"},
				"south": {"uv": [0, 0, 1.8, 1.25], "texture": "#0"},
				"west": {"uv": [1, 0.5, 5.6, 1.75], "texture": "#0"},
				"up": {"uv": [0, 2, 1.8, 6.6], "texture": "#0"},
				"down": {"uv": [0, 0, 1.8, 4.6], "texture": "#0"}
			}
		},
		{
			"from": [14.5, 12, 14.75],
			"to": [16.35, 13, 16.5],
			"rotation": {"angle": 0, "axis": "y", "origin": [14.85, 0, 15]},
			"faces": {
				"north": {"uv": [0, 0, 1.85, 1], "texture": "#0"},
				"east": {"uv": [0.35, 1.075, 2.1, 2.075], "texture": "#0"},
				"south": {"uv": [0, 0, 1.85, 1], "texture": "#0"},
				"west": {"uv": [0, 0, 1.75, 1], "texture": "#0"},
				"up": {"uv": [0, 0, 1.85, 1.75], "texture": "#0"},
				"down": {"uv": [0, 0, 1.85, 1.75], "texture": "#0"}
			}
		},
		{
			"from": [14.525, 13.68046, 12.18566],
			"to": [16.325, 14.93046, 16.78566],
			"rotation": {"angle": 45, "axis": "x", "origin": [15.425, 14.30546, 14.31066]},
			"faces": {
				"north": {"uv": [0, 0, 1.8, 1.25], "texture": "#0"},
				"east": {"uv": [2.775, 0.575, 7.375, 1.825], "texture": "#0"},
				"south": {"uv": [0, 0, 1.8, 1.25], "texture": "#0"},
				"west": {"uv": [0, 0, 4.6, 1.25], "texture": "#0"},
				"up": {"uv": [14.2, 1, 16, 5.6], "texture": "#0"},
				"down": {"uv": [0, 0, 1.8, 4.6], "texture": "#0"}
			}
		},
		{
			"from": [14.5, 15, 2.75],
			"to": [16.35, 16.25, 13.25],
			"rotation": {"angle": 0, "axis": "y", "origin": [14.85, 3, 12]},
			"faces": {
				"north": {"uv": [0, 0, 1.85, 1.25], "texture": "#0"},
				"east": {"uv": [2.35, 0.375, 12.85, 1.625], "texture": "#0"},
				"south": {"uv": [0, 0, 1.85, 1.25], "texture": "#0"},
				"west": {"uv": [0, 0, 10.5, 1.25], "texture": "#0"},
				"up": {"uv": [14.15, 3, 16, 13.5], "texture": "#0"},
				"down": {"uv": [0, 0, 1.85, 10.5], "texture": "#0"}
			}
		},
		{
			"from": [14.525, 13.43297, -0.68315],
			"to": [16.325, 14.68297, 3.91685],
			"rotation": {"angle": -45, "axis": "x", "origin": [15.425, 14.05797, 1.44185]},
			"faces": {
				"north": {"uv": [0, 0, 1.8, 1.25], "texture": "#0"},
				"east": {"uv": [1.025, 0.525, 5.625, 1.775], "texture": "#0"},
				"south": {"uv": [0, 0, 1.8, 1.25], "texture": "#0"},
				"west": {"uv": [0, 0, 4.6, 1.25], "texture": "#0"},
				"up": {"uv": [14.2, 3, 16, 7.6], "texture": "#0"},
				"down": {"uv": [0, 0, 1.8, 4.6], "texture": "#0"}
			}
		},
		{
			"from": [14.5, 12, -0.5],
			"to": [16.35, 13, 1.25],
			"rotation": {"angle": 0, "axis": "y", "origin": [14.85, 0, 0]},
			"faces": {
				"north": {"uv": [0, 0, 1.85, 1], "texture": "#0"},
				"east": {"uv": [13.95, 3.75, 15.7, 4.75], "texture": "#0"},
				"south": {"uv": [0, 0, 1.85, 1], "texture": "#0"},
				"west": {"uv": [0, 0, 1.75, 1], "texture": "#0"},
				"up": {"uv": [0, 0, 1.85, 1.75], "texture": "#0"},
				"down": {"uv": [0, 0, 1.85, 1.75], "texture": "#0"}
			}
		},
		{
			"from": [9.5, 12, 14.75],
			"to": [11.35, 13, 16.5],
			"rotation": {"angle": 0, "axis": "y", "origin": [9.85, 0, 15]},
			"faces": {
				"north": {"uv": [0, 0, 1.85, 1], "texture": "#0"},
				"east": {"uv": [0, 0, 1.75, 1], "texture": "#0"},
				"south": {"uv": [0, 0, 1.85, 1], "texture": "#0"},
				"west": {"uv": [0, 0, 1.75, 1], "texture": "#0"},
				"up": {"uv": [0, 0, 1.85, 1.75], "texture": "#0"},
				"down": {"uv": [0, 0, 1.85, 1.75], "texture": "#0"}
			}
		},
		{
			"from": [9.525, 13.68046, 12.18566],
			"to": [11.325, 14.93046, 16.78566],
			"rotation": {"angle": 45, "axis": "x", "origin": [10.425, 14.30546, 14.31066]},
			"faces": {
				"north": {"uv": [0, 0, 1.8, 1.25], "texture": "#0"},
				"east": {"uv": [0, 0, 4.6, 1.25], "texture": "#0"},
				"south": {"uv": [0, 0, 1.8, 1.25], "texture": "#0"},
				"west": {"uv": [0, 0, 4.6, 1.25], "texture": "#0"},
				"up": {"uv": [0, 0, 1.8, 4.6], "texture": "#0"},
				"down": {"uv": [0, 0, 1.8, 4.6], "texture": "#0"}
			}
		},
		{
			"from": [9.5, 15, 2.75],
			"to": [11.35, 16.25, 13.25],
			"rotation": {"angle": 0, "axis": "y", "origin": [9.85, 3, 12]},
			"faces": {
				"north": {"uv": [0, 0, 1.85, 1.25], "texture": "#0"},
				"east": {"uv": [0, 0, 10.5, 1.25], "texture": "#0"},
				"south": {"uv": [0, 0, 1.85, 1.25], "texture": "#0"},
				"west": {"uv": [0, 0, 10.5, 1.25], "texture": "#0"},
				"up": {"uv": [5, 3, 6.85, 13.5], "texture": "#0"},
				"down": {"uv": [0, 0, 1.85, 10.5], "texture": "#0"}
			}
		},
		{
			"from": [9.525, 13.43297, -0.68315],
			"to": [11.325, 14.68297, 3.91685],
			"rotation": {"angle": -45, "axis": "x", "origin": [10.425, 14.05797, 1.44185]},
			"faces": {
				"north": {"uv": [0, 0, 1.8, 1.25], "texture": "#0"},
				"east": {"uv": [0, 0, 4.6, 1.25], "texture": "#0"},
				"south": {"uv": [0, 0, 1.8, 1.25], "texture": "#0"},
				"west": {"uv": [0, 0, 4.6, 1.25], "texture": "#0"},
				"up": {"uv": [5, 3, 6.8, 7.6], "texture": "#0"},
				"down": {"uv": [0, 0, 1.8, 4.6], "texture": "#0"}
			}
		},
		{
			"from": [4.5, 12, -0.5],
			"to": [6.35, 13, 1.25],
			"rotation": {"angle": 0, "axis": "y", "origin": [4.85, 0, 0]},
			"faces": {
				"north": {"uv": [0, 0, 1.85, 1], "texture": "#0"},
				"east": {"uv": [0, 0, 1.75, 1], "texture": "#0"},
				"south": {"uv": [0, 0, 1.85, 1], "texture": "#0"},
				"west": {"uv": [0, 0, 1.75, 1], "texture": "#0"},
				"up": {"uv": [0, 0, 1.85, 1.75], "texture": "#0"},
				"down": {"uv": [0, 0, 1.85, 1.75], "texture": "#0"}
			}
		},
		{
			"from": [4.525, 13.43297, -0.68315],
			"to": [6.325, 14.68297, 3.91685],
			"rotation": {"angle": -45, "axis": "x", "origin": [5.425, 14.05797, 1.44185]},
			"faces": {
				"north": {"uv": [0, 0, 1.8, 1.25], "texture": "#0"},
				"east": {"uv": [0, 0, 4.6, 1.25], "texture": "#0"},
				"south": {"uv": [0, 0, 1.8, 1.25], "texture": "#0"},
				"west": {"uv": [0, 0, 4.6, 1.25], "texture": "#0"},
				"up": {"uv": [4, 3, 5.8, 7.6], "texture": "#0"},
				"down": {"uv": [0, 0, 1.8, 4.6], "texture": "#0"}
			}
		},
		{
			"from": [4.5, 15, 2.75],
			"to": [6.35, 16.25, 13.25],
			"rotation": {"angle": 0, "axis": "y", "origin": [4.85, 3, 12]},
			"faces": {
				"north": {"uv": [0, 0, 1.85, 1.25], "texture": "#0"},
				"east": {"uv": [0, 0, 10.5, 1.25], "texture": "#0"},
				"south": {"uv": [0, 0, 1.85, 1.25], "texture": "#0"},
				"west": {"uv": [0, 0, 10.5, 1.25], "texture": "#0"},
				"up": {"uv": [3, 3, 4.85, 13.5], "texture": "#0"},
				"down": {"uv": [0, 0, 1.85, 10.5], "texture": "#0"}
			}
		},
		{
			"from": [4.525, 13.68046, 12.18566],
			"to": [6.325, 14.93046, 16.78566],
			"rotation": {"angle": 45, "axis": "x", "origin": [5.425, 14.30546, 14.31066]},
			"faces": {
				"north": {"uv": [0, 0, 1.8, 1.25], "texture": "#0"},
				"east": {"uv": [0, 0, 4.6, 1.25], "texture": "#0"},
				"south": {"uv": [0, 0, 1.8, 1.25], "texture": "#0"},
				"west": {"uv": [0, 0, 4.6, 1.25], "texture": "#0"},
				"up": {"uv": [0, 0, 1.8, 4.6], "texture": "#0"},
				"down": {"uv": [0, 0, 1.8, 4.6], "texture": "#0"}
			}
		},
		{
			"from": [4.5, 12, 14.75],
			"to": [6.35, 13, 16.5],
			"rotation": {"angle": 0, "axis": "y", "origin": [4.85, 0, 15]},
			"faces": {
				"north": {"uv": [0, 0, 1.85, 1], "texture": "#0"},
				"east": {"uv": [0, 0, 1.75, 1], "texture": "#0"},
				"south": {"uv": [0, 0, 1.85, 1], "texture": "#0"},
				"west": {"uv": [0, 0, 1.75, 1], "texture": "#0"},
				"up": {"uv": [0, 0, 1.85, 1.75], "texture": "#0"},
				"down": {"uv": [0, 0, 1.85, 1.75], "texture": "#0"}
			}
		},
		{
			"from": [-0.2, 9, -0.2],
			"to": [16.2, 10, 16.2],
			"rotation": {"angle": 0, "axis": "y", "origin": [0, -3, 0]},
			"faces": {
				"north": {"uv": [0, 0, 16, 1], "texture": "#0"},
				"east": {"uv": [0, 0, 16, 1], "texture": "#0"},
				"south": {"uv": [0, 0, 16, 1], "texture": "#0"},
				"west": {"uv": [0, 0, 16, 1], "texture": "#0"},
				"up": {"uv": [0, 0, 16, 16], "texture": "#0"},
				"down": {"uv": [0, 0, 16, 16], "texture": "#0"}
			}
		},
		{
			"from": [-0.45, 5.5, -0.45],
			"to": [16.45, 7, 16.45],
			"rotation": {"angle": 0, "axis": "y", "origin": [0, -6, 0]},
			"faces": {
				"north": {"uv": [0, 5, 16, 6.5], "texture": "#0"},
				"east": {"uv": [0, 6, 16, 7.5], "texture": "#0"},
				"south": {"uv": [0, 6, 16, 7.5], "texture": "#0"},
				"west": {"uv": [0, 7, 16, 8.5], "texture": "#0"},
				"up": {"uv": [0, 0, 16, 16], "texture": "#0"},
				"down": {"uv": [0, 0, 16, 16], "texture": "#0"}
			}
		},
		{
			"from": [-0.2, 0.75, -0.2],
			"to": [16.2, 2, 16.2],
			"rotation": {"angle": 0, "axis": "y", "origin": [0, -11, 0]},
			"faces": {
				"north": {"uv": [0, 14.75, 16, 16], "texture": "#0"},
				"east": {"uv": [0, 14.75, 16, 16], "texture": "#0"},
				"south": {"uv": [0, 14.75, 16, 16], "texture": "#0"},
				"west": {"uv": [0, 14.75, 16, 16], "texture": "#0"},
				"up": {"uv": [0, 0, 16, 16], "texture": "#0"},
				"down": {"uv": [0, 0, 16, 16], "texture": "#0"}
			}
		},
		{
			"from": [0.8, -0.25, 0.3],
			"to": [2.7, 0.75, 1.95],
			"rotation": {"angle": 0, "axis": "y", "origin": [0.25, -11.75, 0]},
			"faces": {
				"north": {"uv": [5, 8.75, 6.9, 9.5], "texture": "#0"},
				"east": {"uv": [14.05, 15.25, 15.7, 16], "texture": "#0"},
				"south": {"uv": [0.55, 15.25, 2.45, 16], "texture": "#0"},
				"west": {"uv": [0.3, 15.25, 1.95, 16], "texture": "#0"},
				"up": {"uv": [0, 0, 16, 16], "texture": "#0"},
				"down": {"uv": [8.55, 4.05, 6.45, 5.7], "texture": "#0"}
			}
		},
		{
			"from": [13.3, -0.25, 0.3],
			"to": [15.2, 0.75, 1.95],
			"rotation": {"angle": 0, "axis": "y", "origin": [12.75, -11.75, 0]},
			"faces": {
				"north": {"uv": [5, 8.75, 6.9, 9.5], "texture": "#0"},
				"east": {"uv": [14.05, 15.25, 15.7, 16], "texture": "#0"},
				"south": {"uv": [0.55, 15.25, 2.45, 16], "texture": "#0"},
				"west": {"uv": [0.3, 15.25, 1.95, 16], "texture": "#0"},
				"up": {"uv": [0, 0, 16, 16], "texture": "#0"},
				"down": {"uv": [8.55, 4.05, 6.45, 5.7], "texture": "#0"}
			}
		},
		{
			"from": [0.8, -0.25, 14.3],
			"to": [2.7, 0.75, 15.95],
			"rotation": {"angle": 0, "axis": "y", "origin": [0.25, -11.75, 14]},
			"faces": {
				"north": {"uv": [5, 8.75, 6.9, 9.5], "texture": "#0"},
				"east": {"uv": [14.05, 15.25, 15.7, 16], "texture": "#0"},
				"south": {"uv": [0.55, 15.25, 2.45, 16], "texture": "#0"},
				"west": {"uv": [0.3, 15.25, 1.95, 16], "texture": "#0"},
				"up": {"uv": [0, 0, 16, 16], "texture": "#0"},
				"down": {"uv": [8.55, 4.05, 6.45, 5.7], "texture": "#0"}
			}
		},
		{
			"from": [13.3, -0.25, 14.3],
			"to": [15.2, 0.75, 15.95],
			"rotation": {"angle": 0, "axis": "y", "origin": [12.75, -11.75, 14]},
			"faces": {
				"north": {"uv": [5, 8.75, 6.9, 9.5], "texture": "#0"},
				"east": {"uv": [14.05, 15.25, 15.7, 16], "texture": "#0"},
				"south": {"uv": [0.55, 15.25, 2.45, 16], "texture": "#0"},
				"west": {"uv": [0.3, 15.25, 1.95, 16], "texture": "#0"},
				"up": {"uv": [0, 0, 16, 16], "texture": "#0"},
				"down": {"uv": [8.55, 4.05, 6.45, 5.7], "texture": "#0"}
			}
		},
		{
			"from": [14.3, 2, -0.2],
			"to": [16.2, 9, 2.2],
			"rotation": {"angle": 0, "axis": "y", "origin": [0, -3, 0]},
			"faces": {
				"north": {"uv": [0, 7, 1.9, 14], "texture": "#0"},
				"east": {"uv": [13.6, 3, 16, 10], "texture": "#0"},
				"south": {"uv": [0, 0, 1.9, 7], "texture": "#0"},
				"west": {"uv": [0, 0, 2.4, 7], "texture": "#0"},
				"up": {"uv": [0, 0, 1.9, 2.4], "texture": "#0"},
				"down": {"uv": [0, 0, 1.9, 2.4], "texture": "#0"}
			}
		},
		{
			"from": [14.3, 2, 13.8],
			"to": [16.2, 9, 16.2],
			"rotation": {"angle": 0, "axis": "y", "origin": [0, -3, 14]},
			"faces": {
				"north": {"uv": [0, 0, 1.9, 7], "texture": "#0"},
				"east": {"uv": [0, 2, 2.4, 9], "texture": "#0"},
				"south": {"uv": [14.1, 6, 16, 13], "texture": "#0"},
				"west": {"uv": [0, 0, 2.4, 7], "texture": "#0"},
				"up": {"uv": [0, 0, 1.9, 2.4], "texture": "#0"},
				"down": {"uv": [0, 0, 1.9, 2.4], "texture": "#0"}
			}
		},
		{
			"from": [-0.2, 2, 13.8],
			"to": [1.7, 9, 16.2],
			"rotation": {"angle": 0, "axis": "y", "origin": [-14.5, -3, 14]},
			"faces": {
				"north": {"uv": [0, 0, 1.9, 7], "texture": "#0"},
				"east": {"uv": [0, 0, 2.4, 7], "texture": "#0"},
				"south": {"uv": [0, 6, 1.9, 13], "texture": "#0"},
				"west": {"uv": [13.6, 6, 16, 13], "texture": "#0"},
				"up": {"uv": [0, 0, 1.9, 2.4], "texture": "#0"},
				"down": {"uv": [0, 0, 1.9, 2.4], "texture": "#0"}
			}
		},
		{
			"from": [-0.2, 2, -0.2],
			"to": [1.7, 9, 2.2],
			"rotation": {"angle": 0, "axis": "y", "origin": [-14.5, -3, 0]},
			"faces": {
				"north": {"uv": [14.1, 8, 16, 15], "texture": "#0"},
				"east": {"uv": [0, 0, 2.4, 7], "texture": "#0"},
				"south": {"uv": [0, 0, 1.9, 7], "texture": "#0"},
				"west": {"uv": [0, 7, 2.4, 14], "texture": "#0"},
				"up": {"uv": [0, 0, 1.9, 2.4], "texture": "#0"},
				"down": {"uv": [0, 0, 1.9, 2.4], "texture": "#0"}
			}
		},
		{
			"from": [7.05, 4.75, -0.7],
			"to": [8.95, 7.25, 0.45],
			"rotation": {"angle": 0, "axis": "y", "origin": [0, -6, 0]},
			"faces": {
				"north": {"uv": [7, 8, 8.9, 10.5], "texture": "#0"},
				"east": {"uv": [0, 0, 1.15, 2.5], "texture": "#0"},
				"south": {"uv": [0, 0, 1.9, 2.5], "texture": "#0"},
				"west": {"uv": [0, 0, 1.15, 2.5], "texture": "#0"},
				"up": {"uv": [0, 0, 1.9, 1.15], "texture": "#0"},
				"down": {"uv": [0, 0, 1.9, 1.15], "texture": "#0"}
			}
		},
		{
			"from": [7.05, 4.75, -0.75],
			"to": [8.95, 7.25, -0.7],
			"rotation": {"angle": 0, "axis": "y", "origin": [0, -6, 0]},
			"faces": {
				"north": {"uv": [1.5, 1.5, 3.4, 4], "texture": "#0"},
				"east": {"uv": [0, 0, 1.15, 2.5], "texture": "#0"},
				"south": {"uv": [0, 0, 1.9, 2.5], "texture": "#0"},
				"west": {"uv": [0, 0, 1.15, 2.5], "texture": "#0"},
				"up": {"uv": [0, 0, 1.9, 1.15], "texture": "#0"},
				"down": {"uv": [0, 0, 1.9, 1.15], "texture": "#0"}
			}
		}
	],
	"display": {
		"thirdperson_righthand": {
			"rotation": [75, 45, 0],
			"translation": [0, 2.5, 0],
			"scale": [0.375, 0.375, 0.375]
		},
		"thirdperson_lefthand": {
			"rotation": [75, 45, 0],
			"translation": [0, 2.5, 0],
			"scale": [0.375, 0.375, 0.375]
		},
		"firstperson_righthand": {
			"rotation": [0, 45, 0],
			"scale": [0.4, 0.4, 0.4]
		},
		"firstperson_lefthand": {
			"rotation": [0, 225, 0],
			"scale": [0.4, 0.4, 0.4]
		},
		"ground": {
			"translation": [0, 3, 0],
			"scale": [0.25, 0.25, 0.25]
		},
		"gui": {
			"rotation": [30, 225, 0],
			"scale": [0.625, 0.625, 0.625]
		},
		"fixed": {
			"scale": [0.5, 0.5, 0.5]
		}
	},
	"groups": [
		{
			"name": "inner",
			"origin": [8, 8, 8],
			"color": 3,
			"children": [0, 1, 2, 3, 4, 5, 6, 7]
		},
		{
			"name": "outer",
			"origin": [8, 8, 8],
			"color": 1,
			"children": [
				{
					"name": "upper",
					"origin": [7.925, 14.05797, 1.44185],
					"color": 0,
					"children": [8, 9, 10, 11, 12, 13, 14, 15, 16, 17, 18, 19, 20, 21, 22, 23, 24, 25, 26, 27, 28]
				},
				{
					"name": "downer",
					"origin": [8, 8, 8],
					"color": 0,
					"children": [
						29,
						30,
						31,
						32,
						33,
						34,
						35,
						36,
						37,
						38,
						39,
						{
							"name": "lock",
							"origin": [8, 8, 8],
							"color": 0,
							"children": [40, 41]
						}
					]
				}
			]
		}
	]
}