{
	"credit": "Made with Blockbench",
	"texture_size": [32, 32],
	"textures": {
		"4": "optifine/cit/pickaxes/resilient_pickaxe",
		"particle": "optifine/cit/pickaxes/resilient_pickaxe"
	},
	"elements": [
		{
			"from": [0, 20.3, 7.35],
			"to": [15.25, 23.7, 8.65],
			"rotation": {"angle": 0, "axis": "y", "origin": [7, 21, 7]},
			"faces": {
				"north": {"uv": [0, 0, 7.5, 1.5], "texture": "#4"},
				"east": {"uv": [4, 12.5, 4.5, 14], "texture": "#4"},
				"south": {"uv": [0, 0, 7.5, 1.5], "texture": "#4"},
				"west": {"uv": [4, 12.5, 4.5, 14], "texture": "#4"},
				"up": {"uv": [13.5, 7, 6, 6.5], "texture": "#4"},
				"down": {"uv": [13.5, 6.5, 6, 7], "texture": "#4"}
			}
		},
		{
			"from": [2, 20.8, 7.1],
			"to": [14.65, 23.2, 8.9],
			"rotation": {"angle": 0, "axis": "y", "origin": [7, 21, 7]},
			"faces": {
				"north": {"uv": [3, 1.5, 9.5, 2.5], "texture": "#4"},
				"east": {"uv": [4.5, 11, 5.5, 12], "texture": "#4"},
				"south": {"uv": [3, 1.5, 9.5, 2.5], "texture": "#4"},
				"west": {"uv": [4.5, 11, 5.5, 12], "texture": "#4"},
				"up": {"uv": [9.5, 3.5, 3, 2.5], "texture": "#4"},
				"down": {"uv": [9.5, 2.5, 3, 3.5], "texture": "#4"}
			}
		},
		{
			"from": [5.475, 23.2, 7.225],
			"to": [12.975, 24.15, 8.9],
			"rotation": {"angle": 0, "axis": "y", "origin": [7, 21.95, 7]},
			"faces": {
				"north": {"uv": [8, 9, 12, 9.5], "texture": "#4"},
				"east": {"uv": [10, 6, 11, 6.5], "texture": "#4"},
				"south": {"uv": [8, 9, 12, 9.5], "texture": "#4"},
				"west": {"uv": [10, 6, 11, 6.5], "texture": "#4"},
				"up": {"uv": [10, 5.5, 6, 4.5], "texture": "#4"},
				"down": {"uv": [10, 4.5, 6, 5.5], "texture": "#4"}
			}
		},
		{
			"from": [5.475, 19.85, 7.2],
			"to": [12.975, 20.8, 8.9],
			"rotation": {"angle": 0, "axis": "y", "origin": [7, 18.6, 7]},
			"faces": {
				"north": {"uv": [8, 9, 12, 9.5], "texture": "#4"},
				"east": {"uv": [1.5, 11.5, 2.5, 12], "texture": "#4"},
				"south": {"uv": [8, 9, 12, 9.5], "texture": "#4"},
				"west": {"uv": [1.5, 11.5, 2.5, 12], "texture": "#4"},
				"up": {"uv": [10, 6.5, 6, 5.5], "texture": "#4"},
				"down": {"uv": [10, 5.5, 6, 6.5], "texture": "#4"}
			}
		},
		{
			"from": [4.625, 23.7, 7.35],
			"to": [13.8, 25.45, 8.65],
			"rotation": {"angle": 0, "axis": "y", "origin": [7, 24.4, 7]},
			"faces": {
				"north": {"uv": [6, 3.5, 10.5, 4.5], "texture": "#4"},
				"east": {"uv": [12.5, 5.5, 13, 6.5], "texture": "#4"},
				"south": {"uv": [6, 3.5, 10.5, 4.5], "texture": "#4"},
				"west": {"uv": [12.5, 5.5, 13, 6.5], "texture": "#4"},
				"up": {"uv": [6.5, 9, 2, 8.5], "texture": "#4"},
				"down": {"uv": [6.5, 8.5, 2, 9], "texture": "#4"}
			}
		},
		{
			"from": [4.625, 18.55, 7.35],
			"to": [13.8, 20.3, 8.65],
			"rotation": {"angle": 0, "axis": "y", "origin": [7, 19.25, 7]},
			"faces": {
				"north": {"uv": [6, 3.5, 10.5, 4.5], "texture": "#4"},
				"east": {"uv": [12.5, 5.5, 13, 6.5], "texture": "#4"},
				"south": {"uv": [6, 3.5, 10.5, 4.5], "texture": "#4"},
				"west": {"uv": [12.5, 5.5, 13, 6.5], "texture": "#4"},
				"up": {"uv": [6.5, 9, 2, 8.5], "texture": "#4"},
				"down": {"uv": [6.5, 8.5, 2, 9], "texture": "#4"}
			}
		},
		{
			"from": [5.725, 17.6, 7.35],
			"to": [13.3, 18.55, 8.65],
			"rotation": {"angle": 0, "axis": "y", "origin": [7, 17.95, 7]},
			"faces": {
				"north": {"uv": [9.5, 1.5, 13.5, 2], "texture": "#4"},
				"east": {"uv": [8, 8.5, 8.5, 9], "texture": "#4"},
				"south": {"uv": [9.5, 1.5, 13.5, 2], "texture": "#4"},
				"west": {"uv": [8, 8.5, 8.5, 9], "texture": "#4"},
				"up": {"uv": [13.5, 2.5, 9.5, 2], "texture": "#4"},
				"down": {"uv": [13.5, 2, 9.5, 2.5], "texture": "#4"}
			}
		},
		{
			"from": [5.85, 25.45, 7.35],
			"to": [13.3, 26.325, 8.65],
			"rotation": {"angle": 0, "axis": "y", "origin": [7, 25.8, 7]},
			"faces": {
				"north": {"uv": [9.5, 2.5, 13, 3], "texture": "#4"},
				"east": {"uv": [7.5, 10, 8, 10.5], "texture": "#4"},
				"south": {"uv": [9.5, 2.5, 13, 3], "texture": "#4"},
				"west": {"uv": [7.5, 10, 8, 10.5], "texture": "#4"},
				"up": {"uv": [13, 3.5, 9.5, 3], "texture": "#4"},
				"down": {"uv": [13, 3, 9.5, 3.5], "texture": "#4"}
			}
		},
		{
			"from": [7.825, 26.325, 7.35],
			"to": [13.025, 26.75, 8.65],
			"rotation": {"angle": 0, "axis": "y", "origin": [7, 26.225, 7]},
			"faces": {
				"north": {"uv": [11, 8.5, 13.5, 9], "texture": "#4"},
				"east": {"uv": [9, 10.5, 9.5, 11], "texture": "#4"},
				"south": {"uv": [11, 8.5, 13.5, 9], "texture": "#4"},
				"west": {"uv": [9, 10.5, 9.5, 11], "texture": "#4"},
				"up": {"uv": [9, 12, 6.5, 11.5], "texture": "#4"},
				"down": {"uv": [9, 11.5, 6.5, 12], "texture": "#4"}
			}
		},
		{
			"from": [2.8, 18.975, 7.35],
			"to": [4.625, 20.3, 8.65],
			"rotation": {"angle": 0, "axis": "y", "origin": [3.875, 19.25, 7]},
			"faces": {
				"north": {"uv": [13, 2.5, 14, 3], "texture": "#4"},
				"east": {"uv": [1.5, 11, 2, 11.5], "texture": "#4"},
				"south": {"uv": [13, 2.5, 14, 3], "texture": "#4"},
				"west": {"uv": [1.5, 11, 2, 11.5], "texture": "#4"},
				"up": {"uv": [14, 3.5, 13, 3], "texture": "#4"},
				"down": {"uv": [14, 3, 13, 3.5], "texture": "#4"}
			}
		},
		{
			"from": [2.8, 23.7, 7.35],
			"to": [4.625, 25.025, 8.65],
			"rotation": {"angle": 0, "axis": "y", "origin": [3.875, 23.975, 7]},
			"faces": {
				"north": {"uv": [13, 2.5, 14, 3], "texture": "#4"},
				"east": {"uv": [1.5, 11, 2, 11.5], "texture": "#4"},
				"south": {"uv": [13, 2.5, 14, 3], "texture": "#4"},
				"west": {"uv": [1.5, 11, 2, 11.5], "texture": "#4"},
				"up": {"uv": [14, 3.5, 13, 3], "texture": "#4"},
				"down": {"uv": [14, 3, 13, 3.5], "texture": "#4"}
			}
		},
		{
			"from": [1.275, 19.65, 7.35],
			"to": [2.8, 20.3, 8.65],
			"rotation": {"angle": 0, "axis": "y", "origin": [2.05, 19.25, 7]},
			"faces": {
				"north": {"uv": [13, 5.5, 14, 6], "texture": "#4"},
				"east": {"uv": [12, 4, 12.5, 4.5], "texture": "#4"},
				"south": {"uv": [13, 5.5, 14, 6], "texture": "#4"},
				"west": {"uv": [12, 4, 12.5, 4.5], "texture": "#4"},
				"up": {"uv": [14, 6.5, 13, 6], "texture": "#4"},
				"down": {"uv": [14, 6, 13, 6.5], "texture": "#4"}
			}
		},
		{
			"from": [1.275, 23.7, 7.35],
			"to": [2.8, 24.325, 8.65],
			"rotation": {"angle": 0, "axis": "y", "origin": [2.05, 23.975, 7]},
			"faces": {
				"north": {"uv": [13, 7, 14, 7.5], "texture": "#4"},
				"east": {"uv": [12.5, 13.5, 13, 14], "texture": "#4"},
				"south": {"uv": [13, 7, 14, 7.5], "texture": "#4"},
				"west": {"uv": [12.5, 13.5, 13, 14], "texture": "#4"},
				"up": {"uv": [14, 6.5, 13, 6], "texture": "#4"},
				"down": {"uv": [14, 6, 13, 6.5], "texture": "#4"}
			}
		},
		{
			"from": [-2.4, 20.9, 7.525],
			"to": [0, 23.1, 8.475],
			"rotation": {"angle": 0, "axis": "y", "origin": [7, 21, 7]},
			"faces": {
				"north": {"uv": [2.5, 11.5, 3.5, 12.5], "texture": "#4"},
				"east": {"uv": [7.5, 13, 8, 14], "texture": "#4"},
				"south": {"uv": [2.5, 11.5, 3.5, 12.5], "texture": "#4"},
				"west": {"uv": [7.5, 13, 8, 14], "texture": "#4"},
				"up": {"uv": [14, 8, 13, 7.5], "texture": "#4"},
				"down": {"uv": [14, 7.5, 13, 8], "texture": "#4"}
			}
		},
		{
			"from": [15.25, 20.9, 7.525],
			"to": [16.05, 23.1, 8.475],
			"rotation": {"angle": 0, "axis": "y", "origin": [23.05, 21, 7]},
			"faces": {
				"north": {"uv": [8, 13, 8.5, 14], "texture": "#4"},
				"east": {"uv": [7.5, 13, 8, 14], "texture": "#4"},
				"south": {"uv": [8, 13, 8.5, 14], "texture": "#4"},
				"west": {"uv": [7.5, 13, 8, 14], "texture": "#4"},
				"up": {"uv": [13.5, 14, 13, 13.5], "texture": "#4"},
				"down": {"uv": [13.5, 13.5, 13, 14], "texture": "#4"}
			}
		},
		{
			"from": [14.39729, 22.41543, 7.55],
			"to": [15.42229, 24.61543, 8.45],
			"rotation": {"angle": 45, "axis": "z", "origin": [14.90979, 23.51543, 8]},
			"faces": {
				"north": {"uv": [8.5, 13, 9, 14], "texture": "#4"},
				"east": {"uv": [9, 13, 9.5, 14], "texture": "#4"},
				"south": {"uv": [8.5, 13, 9, 14], "texture": "#4"},
				"west": {"uv": [9, 13, 9.5, 14], "texture": "#4"},
				"up": {"uv": [14, 14, 13.5, 13.5], "texture": "#4"},
				"down": {"uv": [14, 13.5, 13.5, 14], "texture": "#4"}
			}
		},
		{
			"from": [13.08743, 23.20078, 7.475],
			"to": [14.11243, 27.50078, 8.5],
			"rotation": {"angle": 22.5, "axis": "z", "origin": [13.59993, 25.47578, 8]},
			"faces": {
				"north": {"uv": [4.5, 12, 5, 14], "texture": "#4"},
				"east": {"uv": [4.5, 12, 5, 14], "texture": "#4"},
				"south": {"uv": [4.5, 12, 5, 14], "texture": "#4"},
				"west": {"uv": [4.5, 12, 5, 14], "texture": "#4"},
				"up": {"uv": [0.5, 14.5, 0, 14], "texture": "#4"},
				"down": {"uv": [0.5, 14, 0, 14.5], "texture": "#4"}
			}
		},
		{
			"from": [13.08743, 16.69922, 7.55],
			"to": [14.11243, 21.09922, 8.425],
			"rotation": {"angle": -22.5, "axis": "z", "origin": [13.59993, 18.52422, 8]},
			"faces": {
				"north": {"uv": [5, 12, 5.5, 14], "texture": "#4"},
				"east": {"uv": [5.5, 12, 6, 14], "texture": "#4"},
				"south": {"uv": [5, 12, 5.5, 14], "texture": "#4"},
				"west": {"uv": [5.5, 12, 6, 14], "texture": "#4"},
				"up": {"uv": [14.5, 0.5, 14, 0], "texture": "#4"},
				"down": {"uv": [14.5, 0, 14, 0.5], "texture": "#4"}
			}
		},
		{
			"from": [14.39729, 19.38457, 7.45],
			"to": [15.42229, 21.58457, 8.55],
			"rotation": {"angle": -45, "axis": "z", "origin": [14.90979, 20.48457, 8]},
			"faces": {
				"north": {"uv": [8.5, 13, 9, 14], "texture": "#4"},
				"east": {"uv": [13, 9, 13.5, 10], "texture": "#4"},
				"south": {"uv": [8.5, 13, 9, 14], "texture": "#4"},
				"west": {"uv": [13, 9, 13.5, 10], "texture": "#4"},
				"up": {"uv": [1, 14.5, 0.5, 14], "texture": "#4"},
				"down": {"uv": [1, 14, 0.5, 14.5], "texture": "#4"}
			}
		},
		{
			"from": [-3.21928, 25.22439, 7.575],
			"to": [9.85572, 26.24939, 8.425],
			"rotation": {"angle": 22.5, "axis": "z", "origin": [5.80572, 23.14939, 7]},
			"faces": {
				"north": {"uv": [6, 7, 12.5, 7.5], "texture": "#4"},
				"east": {"uv": [14, 0.5, 14.5, 1], "texture": "#4"},
				"south": {"uv": [6, 7, 12.5, 7.5], "texture": "#4"},
				"west": {"uv": [14, 0.5, 14.5, 1], "texture": "#4"},
				"up": {"uv": [14, 0.5, 7.5, 0], "texture": "#4"},
				"down": {"uv": [14, 0, 7.5, 0.5], "texture": "#4"}
			}
		},
		{
			"from": [-3.28453, 24.94606, 7.7],
			"to": [7.39047, 25.04606, 8.3],
			"rotation": {"angle": 22.5, "axis": "z", "origin": [2.05297, 24.99606, 8]},
			"faces": {
				"north": {"uv": [3, 7.5, 8.5, 8], "texture": "#4"},
				"east": {"uv": [1, 14, 1.5, 14.5], "texture": "#4"},
				"south": {"uv": [3, 7.5, 8.5, 8], "texture": "#4"},
				"west": {"uv": [1, 14, 1.5, 14.5], "texture": "#4"},
				"up": {"uv": [8.5, 8.5, 3, 8], "texture": "#4"},
				"down": {"uv": [8.5, 8, 3, 8.5], "texture": "#4"}
			}
		},
		{
			"from": [-3.24626, 18.9312, 7.7],
			"to": [7.42874, 19.0312, 8.3],
			"rotation": {"angle": -22.5, "axis": "z", "origin": [2.09124, 18.9812, 8]},
			"faces": {
				"north": {"uv": [3, 7.5, 8.5, 8], "texture": "#4"},
				"east": {"uv": [1, 14, 1.5, 14.5], "texture": "#4"},
				"south": {"uv": [3, 7.5, 8.5, 8], "texture": "#4"},
				"west": {"uv": [1, 14, 1.5, 14.5], "texture": "#4"},
				"up": {"uv": [8.5, 8.5, 3, 8], "texture": "#4"},
				"down": {"uv": [8.5, 8, 3, 8.5], "texture": "#4"}
			}
		},
		{
			"from": [-5.24967, 18.14453, 7.55],
			"to": [7.37533, 19.16953, 8.45],
			"rotation": {"angle": -22.5, "axis": "z", "origin": [3.82533, 16.06953, 7.05]},
			"faces": {
				"north": {"uv": [7.5, 0.5, 14, 1], "texture": "#4"},
				"east": {"uv": [14, 1, 14.5, 1.5], "texture": "#4"},
				"south": {"uv": [7.5, 0.5, 14, 1], "texture": "#4"},
				"west": {"uv": [14, 1, 14.5, 1.5], "texture": "#4"},
				"up": {"uv": [14, 1.5, 7.5, 1], "texture": "#4"},
				"down": {"uv": [14, 1, 7.5, 1.5], "texture": "#4"}
			}
		},
		{
			"from": [7.89917, 16.62806, 7.525],
			"to": [13.37417, 17.65306, 8.475],
			"rotation": {"angle": 0, "axis": "y", "origin": [16.97417, 14.55306, 7.05]},
			"faces": {
				"north": {"uv": [9, 11.5, 11.5, 12], "texture": "#4"},
				"east": {"uv": [1.5, 14, 2, 14.5], "texture": "#4"},
				"south": {"uv": [9, 11.5, 11.5, 12], "texture": "#4"},
				"west": {"uv": [1.5, 14, 2, 14.5], "texture": "#4"},
				"up": {"uv": [14, 12, 11.5, 11.5], "texture": "#4"},
				"down": {"uv": [14, 11.5, 11.5, 12], "texture": "#4"}
			}
		},
		{
			"from": [8.36111, 26.53829, 7.525],
			"to": [13.28611, 27.56329, 8.475],
			"rotation": {"angle": 0, "axis": "y", "origin": [17.43611, 24.46329, 7.05]},
			"faces": {
				"north": {"uv": [0, 12, 2.5, 12.5], "texture": "#4"},
				"east": {"uv": [1.5, 14, 2, 14.5], "texture": "#4"},
				"south": {"uv": [0, 12, 2.5, 12.5], "texture": "#4"},
				"west": {"uv": [1.5, 14, 2, 14.5], "texture": "#4"},
				"up": {"uv": [14.5, 4, 12, 3.5], "texture": "#4"},
				"down": {"uv": [14.5, 3.5, 12, 4], "texture": "#4"}
			}
		},
		{
			"from": [-4.23478, 21.53858, 7.575],
			"to": [-3.48478, 22.33858, 8.425],
			"rotation": {"angle": -45, "axis": "z", "origin": [-3.70978, 21.82608, 8]},
			"faces": {
				"north": {"uv": [2, 14, 2.5, 14.5], "texture": "#4"},
				"east": {"uv": [2.5, 14, 3, 14.5], "texture": "#4"},
				"south": {"uv": [2, 14, 2.5, 14.5], "texture": "#4"},
				"west": {"uv": [2.5, 14, 3, 14.5], "texture": "#4"},
				"up": {"uv": [14.5, 3, 14, 2.5], "texture": "#4"},
				"down": {"uv": [14.5, 2.5, 14, 3], "texture": "#4"}
			}
		},
		{
			"from": [9.65, 20.325, 6.525],
			"to": [12.05, 23.675, 7.325],
			"rotation": {"angle": -45, "axis": "z", "origin": [10.85, 22, 6.6]},
			"faces": {
				"north": {"uv": [5.5, 9, 6.5, 10.5], "texture": "#4"},
				"east": {"uv": [12.5, 4, 13, 5.5], "texture": "#4"},
				"south": {"uv": [5.5, 9, 6.5, 10.5], "texture": "#4"},
				"west": {"uv": [12.5, 4, 13, 5.5], "texture": "#4"},
				"up": {"uv": [14, 8.5, 13, 8], "texture": "#4"},
				"down": {"uv": [14, 8, 13, 8.5], "texture": "#4"}
			}
		},
		{
			"from": [9.65, 20.325, 8.7],
			"to": [12.05, 23.675, 9.5],
			"rotation": {"angle": -45, "axis": "z", "origin": [10.85, 22, 8.775]},
			"faces": {
				"north": {"uv": [5.5, 9, 6.5, 10.5], "texture": "#4"},
				"east": {"uv": [12.5, 4, 13, 5.5], "texture": "#4"},
				"south": {"uv": [5.5, 9, 6.5, 10.5], "texture": "#4"},
				"west": {"uv": [12.5, 4, 13, 5.5], "texture": "#4"},
				"up": {"uv": [14, 8.5, 13, 8], "texture": "#4"},
				"down": {"uv": [14, 8, 13, 8.5], "texture": "#4"}
			}
		},
		{
			"from": [11.225, 21.375, 6.925],
			"to": [12.8, 25, 7.7],
			"rotation": {"angle": -45, "axis": "z", "origin": [12.7, 23.05, 6.6]},
			"faces": {
				"north": {"uv": [3.5, 9, 4.5, 11], "texture": "#4"},
				"east": {"uv": [6, 12, 6.5, 14], "texture": "#4"},
				"south": {"uv": [3.5, 9, 4.5, 11], "texture": "#4"},
				"west": {"uv": [6, 12, 6.5, 14], "texture": "#4"},
				"up": {"uv": [14, 10.5, 13, 10], "texture": "#4"},
				"down": {"uv": [14, 10, 13, 10.5], "texture": "#4"}
			}
		},
		{
			"from": [11.225, 21.375, 8.25],
			"to": [12.8, 25, 9.05],
			"rotation": {"angle": -45, "axis": "z", "origin": [12.7, 23.05, 7.85]},
			"faces": {
				"north": {"uv": [3.5, 9, 4.5, 11], "texture": "#4"},
				"east": {"uv": [6.5, 12, 7, 14], "texture": "#4"},
				"south": {"uv": [3.5, 9, 4.5, 11], "texture": "#4"},
				"west": {"uv": [6.5, 12, 7, 14], "texture": "#4"},
				"up": {"uv": [11.5, 13.5, 10.5, 13], "texture": "#4"},
				"down": {"uv": [11.5, 13, 10.5, 13.5], "texture": "#4"}
			}
		},
		{
			"from": [14.2, 23.975, 7.4],
			"to": [14.725, 25.4, 8.575],
			"rotation": {"angle": 22.5, "axis": "z", "origin": [12.7, 24, 6.6]},
			"faces": {
				"north": {"uv": [14, 3, 14.5, 3.5], "texture": "#4"},
				"east": {"uv": [4, 14, 4.5, 14.5], "texture": "#4"},
				"south": {"uv": [14, 3, 14.5, 3.5], "texture": "#4"},
				"west": {"uv": [4, 14, 4.5, 14.5], "texture": "#4"},
				"up": {"uv": [5, 14.5, 4.5, 14], "texture": "#4"},
				"down": {"uv": [5, 14, 4.5, 14.5], "texture": "#4"}
			}
		},
		{
			"from": [14.725, 24.15, 7.575],
			"to": [14.825, 25.225, 8.4],
			"rotation": {"angle": 22.5, "axis": "z", "origin": [12.7, 24, 6.6]},
			"faces": {
				"north": {"uv": [5, 14, 5.5, 14.5], "texture": "#4"},
				"east": {"uv": [5.5, 14, 6, 14.5], "texture": "#4"},
				"south": {"uv": [5, 14, 5.5, 14.5], "texture": "#4"},
				"west": {"uv": [5.5, 14, 6, 14.5], "texture": "#4"},
				"up": {"uv": [14.5, 6, 14, 5.5], "texture": "#4"},
				"down": {"uv": [14.5, 5.5, 14, 6], "texture": "#4"}
			}
		},
		{
			"from": [11.3, 21.375, 7.175],
			"to": [12.725, 25.625, 8.925],
			"rotation": {"angle": -45, "axis": "z", "origin": [12.7, 23.05, 7.725]},
			"faces": {
				"north": {"uv": [7, 12, 7.5, 14], "texture": "#4"},
				"east": {"uv": [4.5, 9, 5.5, 11], "texture": "#4"},
				"south": {"uv": [7, 12, 7.5, 14], "texture": "#4"},
				"west": {"uv": [4.5, 9, 5.5, 11], "texture": "#4"},
				"up": {"uv": [12, 14, 11.5, 13], "texture": "#4"},
				"down": {"uv": [12, 13, 11.5, 14], "texture": "#4"}
			}
		},
		{
			"from": [11.4, 25.6, 7.275],
			"to": [12.175, 25.75, 8.825],
			"rotation": {"angle": -45, "axis": "z", "origin": [12.7, 23.05, 7.725]},
			"faces": {
				"north": {"uv": [6, 14, 6.5, 14.5], "texture": "#4"},
				"east": {"uv": [13, 10.5, 14, 11], "texture": "#4"},
				"south": {"uv": [6, 14, 6.5, 14.5], "texture": "#4"},
				"west": {"uv": [13, 10.5, 14, 11], "texture": "#4"},
				"up": {"uv": [12.5, 14, 12, 13], "texture": "#4"},
				"down": {"uv": [12.5, 13, 12, 14], "texture": "#4"}
			}
		},
		{
			"from": [11.1, 17.825, 6.55],
			"to": [13.1, 19.675, 9.475],
			"rotation": {"angle": -45, "axis": "z", "origin": [12.7, 23.05, 7.725]},
			"faces": {
				"north": {"uv": [7.5, 12, 8.5, 13], "texture": "#4"},
				"east": {"uv": [8, 9.5, 9.5, 10.5], "texture": "#4"},
				"south": {"uv": [7.5, 12, 8.5, 13], "texture": "#4"},
				"west": {"uv": [8, 9.5, 9.5, 10.5], "texture": "#4"},
				"up": {"uv": [10.5, 11, 9.5, 9.5], "texture": "#4"},
				"down": {"uv": [10.5, 9.5, 9.5, 11], "texture": "#4"}
			}
		},
		{
			"from": [11.2, 17, 6.6],
			"to": [13.1, 18.225, 9.425],
			"rotation": {"angle": -45, "axis": "z", "origin": [12.7, 23.05, 7.725]},
			"faces": {
				"north": {"uv": [13, 12, 14, 12.5], "texture": "#4"},
				"east": {"uv": [9, 11, 10.5, 11.5], "texture": "#4"},
				"south": {"uv": [13, 12, 14, 12.5], "texture": "#4"},
				"west": {"uv": [9, 11, 10.5, 11.5], "texture": "#4"},
				"up": {"uv": [11, 6, 10, 4.5], "texture": "#4"},
				"down": {"uv": [11, 4.5, 10, 6], "texture": "#4"}
			}
		},
		{
			"from": [11.275, 15.975, 6.8],
			"to": [13.05, 17.075, 9.2],
			"rotation": {"angle": -45, "axis": "z", "origin": [12.7, 23.05, 7.725]},
			"faces": {
				"north": {"uv": [13, 12.5, 14, 13], "texture": "#4"},
				"east": {"uv": [13, 13, 14, 13.5], "texture": "#4"},
				"south": {"uv": [13, 12.5, 14, 13], "texture": "#4"},
				"west": {"uv": [13, 13, 14, 13.5], "texture": "#4"},
				"up": {"uv": [9.5, 13, 8.5, 12], "texture": "#4"},
				"down": {"uv": [9.5, 12, 8.5, 13], "texture": "#4"}
			}
		},
		{
			"from": [11.325, 14.825, 7.125],
			"to": [13, 16.2, 8.875],
			"rotation": {"angle": -45, "axis": "z", "origin": [12.7, 23.05, 7.725]},
			"faces": {
				"north": {"uv": [0, 13.5, 1, 14], "texture": "#4"},
				"east": {"uv": [1, 13.5, 2, 14], "texture": "#4"},
				"south": {"uv": [0, 13.5, 1, 14], "texture": "#4"},
				"west": {"uv": [1, 13.5, 2, 14], "texture": "#4"},
				"up": {"uv": [13, 10, 12, 9], "texture": "#4"},
				"down": {"uv": [13, 9, 12, 10], "texture": "#4"}
			}
		},
		{
			"from": [5.65261, 17.03775, 7.3],
			"to": [7.32761, 18.01275, 8.7],
			"rotation": {"angle": -22.5, "axis": "z", "origin": [6.49011, 17.32525, 8]},
			"faces": {
				"north": {"uv": [13.5, 1.5, 14.5, 2], "texture": "#4"},
				"east": {"uv": [14, 6, 14.5, 6.5], "texture": "#4"},
				"south": {"uv": [13.5, 1.5, 14.5, 2], "texture": "#4"},
				"west": {"uv": [14, 6, 14.5, 6.5], "texture": "#4"},
				"up": {"uv": [3, 14, 2, 13.5], "texture": "#4"},
				"down": {"uv": [3, 13.5, 2, 14], "texture": "#4"}
			}
		},
		{
			"from": [5.87761, 16.93775, 7.5],
			"to": [7.10261, 17.03775, 8.5],
			"rotation": {"angle": -22.5, "axis": "z", "origin": [6.49011, 17.32525, 8]},
			"faces": {
				"north": {"uv": [6.5, 14, 7, 14.5], "texture": "#4"},
				"east": {"uv": [7, 14, 7.5, 14.5], "texture": "#4"},
				"south": {"uv": [6.5, 14, 7, 14.5], "texture": "#4"},
				"west": {"uv": [7, 14, 7.5, 14.5], "texture": "#4"},
				"up": {"uv": [14.5, 7.5, 14, 7], "texture": "#4"},
				"down": {"uv": [14.5, 7, 14, 7.5], "texture": "#4"}
			}
		},
		{
			"from": [11.275, 21.375, 7.05],
			"to": [12.775, 25.35, 7.7],
			"rotation": {"angle": -45, "axis": "z", "origin": [12.7, 23.05, 6.6]},
			"faces": {
				"north": {"uv": [9.5, 12, 10, 14], "texture": "#4"},
				"east": {"uv": [10, 12, 10.5, 14], "texture": "#4"},
				"south": {"uv": [9.5, 12, 10, 14], "texture": "#4"},
				"west": {"uv": [10, 12, 10.5, 14], "texture": "#4"},
				"up": {"uv": [8, 14.5, 7.5, 14], "texture": "#4"},
				"down": {"uv": [8, 14, 7.5, 14.5], "texture": "#4"}
			}
		},
		{
			"from": [11, 21.375, 6.55],
			"to": [13.025, 23.325, 7.3],
			"rotation": {"angle": -45, "axis": "z", "origin": [12.7, 23.05, 5.925]},
			"faces": {
				"north": {"uv": [12, 10, 13, 11], "texture": "#4"},
				"east": {"uv": [3, 13.5, 3.5, 14.5], "texture": "#4"},
				"south": {"uv": [12, 10, 13, 11], "texture": "#4"},
				"west": {"uv": [3, 13.5, 3.5, 14.5], "texture": "#4"},
				"up": {"uv": [14.5, 2.5, 13.5, 2], "texture": "#4"},
				"down": {"uv": [14.5, 2, 13.5, 2.5], "texture": "#4"}
			}
		},
		{
			"from": [11, 21.375, 8.725],
			"to": [13.025, 23.325, 9.475],
			"rotation": {"angle": -45, "axis": "z", "origin": [12.7, 23.05, 8.1]},
			"faces": {
				"north": {"uv": [12, 10, 13, 11], "texture": "#4"},
				"east": {"uv": [3, 13.5, 3.5, 14.5], "texture": "#4"},
				"south": {"uv": [12, 10, 13, 11], "texture": "#4"},
				"west": {"uv": [3, 13.5, 3.5, 14.5], "texture": "#4"},
				"up": {"uv": [14.5, 2.5, 13.5, 2], "texture": "#4"},
				"down": {"uv": [14.5, 2, 13.5, 2.5], "texture": "#4"}
			}
		},
		{
			"from": [11.025, 21.375, 6.575],
			"to": [13.075, 24.1, 7.325],
			"rotation": {"angle": -45, "axis": "z", "origin": [12.7, 23.05, 5.925]},
			"faces": {
				"north": {"uv": [6.5, 10, 7.5, 11.5], "texture": "#4"},
				"east": {"uv": [12.5, 7, 13, 8.5], "texture": "#4"},
				"south": {"uv": [6.5, 10, 7.5, 11.5], "texture": "#4"},
				"west": {"uv": [12.5, 7, 13, 8.5], "texture": "#4"},
				"up": {"uv": [14.5, 4.5, 13.5, 4], "texture": "#4"},
				"down": {"uv": [14.5, 4, 13.5, 4.5], "texture": "#4"}
			}
		},
		{
			"from": [11.075, 21.375, 8.725],
			"to": [13.025, 24.1, 9.425],
			"rotation": {"angle": -45, "axis": "z", "origin": [12.7, 23.05, 8.05]},
			"faces": {
				"north": {"uv": [6.5, 10, 7.5, 11.5], "texture": "#4"},
				"east": {"uv": [12.5, 7, 13, 8.5], "texture": "#4"},
				"south": {"uv": [6.5, 10, 7.5, 11.5], "texture": "#4"},
				"west": {"uv": [12.5, 7, 13, 8.5], "texture": "#4"},
				"up": {"uv": [14.5, 4.5, 13.5, 4], "texture": "#4"},
				"down": {"uv": [14.5, 4, 13.5, 4.5], "texture": "#4"}
			}
		},
		{
			"from": [11.45, 21.675, 6.6],
			"to": [13.25, 24.4, 7.575],
			"rotation": {"angle": -45, "axis": "z", "origin": [12.925, 23.35, 5.925]},
			"faces": {
				"north": {"uv": [10, 7.5, 11, 9], "texture": "#4"},
				"east": {"uv": [12.5, 12, 13, 13.5], "texture": "#4"},
				"south": {"uv": [10, 7.5, 11, 9], "texture": "#4"},
				"west": {"uv": [12.5, 12, 13, 13.5], "texture": "#4"},
				"up": {"uv": [14.5, 5, 13.5, 4.5], "texture": "#4"},
				"down": {"uv": [14.5, 4.5, 13.5, 5], "texture": "#4"}
			}
		},
		{
			"from": [11.45, 21.675, 8.375],
			"to": [13.25, 24.4, 9.4],
			"rotation": {"angle": -45, "axis": "z", "origin": [12.925, 23.35, 7.625]},
			"faces": {
				"north": {"uv": [10, 7.5, 11, 9], "texture": "#4"},
				"east": {"uv": [13, 4, 13.5, 5.5], "texture": "#4"},
				"south": {"uv": [10, 7.5, 11, 9], "texture": "#4"},
				"west": {"uv": [13, 4, 13.5, 5.5], "texture": "#4"},
				"up": {"uv": [14.5, 5.5, 13.5, 5], "texture": "#4"},
				"down": {"uv": [14.5, 5, 13.5, 5.5], "texture": "#4"}
			}
		},
		{
			"from": [11.925, 22.2, 6.775],
			"to": [13.7, 24.425, 7.6],
			"rotation": {"angle": -45, "axis": "z", "origin": [13.375, 23.875, 5.925]},
			"faces": {
				"north": {"uv": [10.5, 12, 11.5, 13], "texture": "#4"},
				"east": {"uv": [3.5, 13.5, 4, 14.5], "texture": "#4"},
				"south": {"uv": [10.5, 12, 11.5, 13], "texture": "#4"},
				"west": {"uv": [3.5, 13.5, 4, 14.5], "texture": "#4"},
				"up": {"uv": [14.5, 7, 13.5, 6.5], "texture": "#4"},
				"down": {"uv": [14.5, 6.5, 13.5, 7], "texture": "#4"}
			}
		},
		{
			"from": [11.925, 22.2, 8.375],
			"to": [13.7, 24.425, 9.2],
			"rotation": {"angle": -45, "axis": "z", "origin": [13.375, 23.875, 7.45]},
			"faces": {
				"north": {"uv": [10.5, 12, 11.5, 13], "texture": "#4"},
				"east": {"uv": [3.5, 13.5, 4, 14.5], "texture": "#4"},
				"south": {"uv": [10.5, 12, 11.5, 13], "texture": "#4"},
				"west": {"uv": [3.5, 13.5, 4, 14.5], "texture": "#4"},
				"up": {"uv": [14.5, 7, 13.5, 6.5], "texture": "#4"},
				"down": {"uv": [14.5, 6.5, 13.5, 7], "texture": "#4"}
			}
		},
		{
			"from": [9.25, -3.55, 7.05],
			"to": [11.85, -1.55, 8.95],
			"rotation": {"angle": 0, "axis": "y", "origin": [7, 21, 6.85]},
			"faces": {
				"north": {"uv": [2, 10.5, 3.5, 11.5], "texture": "#4"},
				"east": {"uv": [11.5, 12, 12.5, 13], "texture": "#4"},
				"south": {"uv": [10.5, 3.5, 12, 4.5], "texture": "#4"},
				"west": {"uv": [0, 12.5, 1, 13.5], "texture": "#4"},
				"up": {"uv": [9, 11.5, 7.5, 10.5], "texture": "#4"},
				"down": {"uv": [9, 10.5, 7.5, 11.5], "texture": "#4"}
			}
		},
		{
			"from": [9.45, -3.725, 7.25],
			"to": [11.65, -3.55, 8.75],
			"rotation": {"angle": 0, "axis": "y", "origin": [7, 20.7, 6.85]},
			"faces": {
				"north": {"uv": [13.5, 8.5, 14.5, 9], "texture": "#4"},
				"east": {"uv": [14, 7.5, 14.5, 8], "texture": "#4"},
				"south": {"uv": [13.5, 8.5, 14.5, 9], "texture": "#4"},
				"west": {"uv": [14, 7.5, 14.5, 8], "texture": "#4"},
				"up": {"uv": [14.5, 9.5, 13.5, 9], "texture": "#4"},
				"down": {"uv": [14.5, 9, 13.5, 9.5], "texture": "#4"}
			}
		},
		{
			"from": [9.375, -1.55, 6.975],
			"to": [11.925, 0.45, 9.025],
			"rotation": {"angle": 0, "axis": "y", "origin": [7, 21, 6.85]},
			"faces": {
				"north": {"uv": [10.5, 9.5, 12, 10.5], "texture": "#4"},
				"east": {"uv": [1, 12.5, 2, 13.5], "texture": "#4"},
				"south": {"uv": [10.5, 10.5, 12, 11.5], "texture": "#4"},
				"west": {"uv": [2, 12.5, 3, 13.5], "texture": "#4"},
				"up": {"uv": [1.5, 12, 0, 11], "texture": "#4"},
				"down": {"uv": [1.5, 11, 0, 12], "texture": "#4"}
			}
		},
		{
			"from": [9.55, 0.45, 6.9],
			"to": [12.05, 3.45, 9.1],
			"rotation": {"angle": 0, "axis": "y", "origin": [7, 21, 6.85]},
			"faces": {
				"north": {"uv": [6.5, 8.5, 8, 10], "texture": "#4"},
				"east": {"uv": [5.5, 10.5, 6.5, 12], "texture": "#4"},
				"south": {"uv": [8.5, 7.5, 10, 9], "texture": "#4"},
				"west": {"uv": [3.5, 11, 4.5, 12.5], "texture": "#4"},
				"up": {"uv": [12.5, 5.5, 11, 4.5], "texture": "#4"},
				"down": {"uv": [12.5, 4.5, 11, 5.5], "texture": "#4"}
			}
		},
		{
			"from": [9.375, 3.45, 6.8],
			"to": [12.325, 8.45, 9.2],
			"rotation": {"angle": 0, "axis": "y", "origin": [7, 21, 6.85]},
			"faces": {
				"north": {"uv": [0, 6, 1.5, 8.5], "texture": "#4"},
				"east": {"uv": [0, 8.5, 1, 11], "texture": "#4"},
				"south": {"uv": [1.5, 6, 3, 8.5], "texture": "#4"},
				"west": {"uv": [1, 8.5, 2, 11], "texture": "#4"},
				"up": {"uv": [12.5, 6.5, 11, 5.5], "texture": "#4"},
				"down": {"uv": [12.5, 5.5, 11, 6.5], "texture": "#4"}
			}
		},
		{
			"from": [9.175, 8.45, 6.625],
			"to": [12.525, 16.45, 9.375],
			"rotation": {"angle": 0, "axis": "y", "origin": [7, 21, 6.85]},
			"faces": {
				"north": {"uv": [3, 3.5, 4.5, 7.5], "texture": "#4"},
				"east": {"uv": [4.5, 3.5, 6, 7.5], "texture": "#4"},
				"south": {"uv": [3, 3.5, 4.5, 7.5], "texture": "#4"},
				"west": {"uv": [4.5, 3.5, 6, 7.5], "texture": "#4"},
				"up": {"uv": [3.5, 10.5, 2, 9], "texture": "#4"},
				"down": {"uv": [3.5, 9, 2, 10.5], "texture": "#4"}
			}
		},
		{
			"from": [9.175, 16.45, 6.625],
			"to": [12.525, 24.95, 9.375],
			"rotation": {"angle": 0, "axis": "y", "origin": [7, 21, 6.85]},
			"faces": {
				"north": {"uv": [0, 1.5, 1.5, 6], "texture": "#4"},
				"east": {"uv": [1.5, 1.5, 3, 6], "texture": "#4"},
				"south": {"uv": [0, 1.5, 1.5, 6], "texture": "#4"},
				"west": {"uv": [1.5, 1.5, 3, 6], "texture": "#4"},
				"up": {"uv": [3.5, 10.5, 2, 9], "texture": "#4"},
				"down": {"uv": [3.5, 9, 2, 10.5], "texture": "#4"}
			}
		},
		{
			"from": [9.4, 24.95, 6.775],
			"to": [12.3, 25.925, 9.225],
			"rotation": {"angle": 0, "axis": "y", "origin": [7, 21, 6.85]},
			"faces": {
				"north": {"uv": [12, 11, 13.5, 11.5], "texture": "#4"},
				"east": {"uv": [13.5, 9.5, 14.5, 10], "texture": "#4"},
				"south": {"uv": [12, 11, 13.5, 11.5], "texture": "#4"},
				"west": {"uv": [13.5, 9.5, 14.5, 10], "texture": "#4"},
				"up": {"uv": [12.5, 8.5, 11, 7.5], "texture": "#4"},
				"down": {"uv": [12.5, 7.5, 11, 8.5], "texture": "#4"}
			}
		},
		{
			"from": [9.85, 25.925, 7.075],
			"to": [11.85, 26.3, 8.925],
			"rotation": {"angle": 0, "axis": "y", "origin": [7, 21.975, 6.85]},
			"faces": {
				"north": {"uv": [10.5, 13.5, 11.5, 14], "texture": "#4"},
				"east": {"uv": [13.5, 11, 14.5, 11.5], "texture": "#4"},
				"south": {"uv": [10.5, 13.5, 11.5, 14], "texture": "#4"},
				"west": {"uv": [13.5, 11, 14.5, 11.5], "texture": "#4"},
				"up": {"uv": [4, 13.5, 3, 12.5], "texture": "#4"},
				"down": {"uv": [4, 12.5, 3, 13.5], "texture": "#4"}
			}
		}
	],
	"display": {
		"thirdperson_righthand": {
			"rotation": [95, -81, 90],
			"translation": [0, 2.5, 0],
			"scale": [0.51, 0.51, 0.51]
		},
		"thirdperson_lefthand": {
			"rotation": [-90, 90, 90],
			"translation": [0, 2.5, 0],
			"scale": [0.51, 0.51, 0.51]
		},
		"firstperson_righthand": {
			"rotation": [0, -90, 0],
			"translation": [0, 3, 0],
			"scale": [0.45, 0.45, 0.45]
		},
		"firstperson_lefthand": {
			"rotation": [0, 90, 0],
			"translation": [0, 3, 0],
			"scale": [0.45, 0.45, 0.45]
		},
		"ground": {
			"translation": [0, 3.25, 0],
			"scale": [0.4, 0.4, 0.4]
		},
		"gui": {
			"rotation": [0, 0, 43.75],
			"translation": [2, -2.75, 0],
			"scale": [0.5, 0.5, 0.5]
		},
		"fixed": {
			"rotation": [0, 0, 42],
			"translation": [2, -2.5, 0.5],
			"scale": [0.55, 0.55, 0.55]
		}
	},
	"groups": [
		{
			"name": "Pickaxe Head",
			"origin": [8, 8, 8],
			"color": 0,
			"children": [0, 1, 2, 3, 4, 5, 6, 7, 8, 9, 10, 11, 12, 13, 14, 15, 16, 17, 18, 19, 20, 21, 22, 23, 24, 25]
		},
		{
			"name": "Handle",
			"origin": [8, 8, 8],
			"color": 2,
			"children": [
				{
					"name": "Leather Strap",
					"origin": [8, 8, 8],
					"color": 0,
					"children": [26, 27, 28, 29, 30, 31, 32, 33, 34, 35, 36, 37, 38, 39, 40, 41, 42, 43, 44, 45, 46, 47, 48]
				},
				{
					"name": "Handle",
					"origin": [8, 8, 8],
					"color": 3,
					"children": [49, 50, 51, 52, 53, 54, 55, 56, 57]
				}
			]
		}
	]
}